"Step","benford2 - test_arithmetic_perfect","benford2 - test_arithmetic_perfect__MIN","benford2 - test_arithmetic_perfect__MAX"
"1383","72.22","72.22","72.22"
"1384","73.29","73.29","73.29"
"1385","72.78","72.78","72.78"
"1386","72.49","72.49","72.49"
"1387","72.54","72.54","72.54"
"1388","72.83","72.83","72.83"
"1389","72.27","72.27","72.27"
"1390","73.1","73.1","73.1"
"1391","73.07","73.07","73.07"
"1392","71.77","71.77","71.77"
"1393","72.69","72.69","72.69"
"1394","71.89","71.89","71.89"
"1395","73.27","73.27","73.27"
"1396","72.99","72.99","72.99"
"1397","73.03","73.03","73.03"
"1398","71.54","71.54","71.54"
"1399","73.09","73.09","73.09"
"1400","72.7","72.7","72.7"
"1401","72.9","72.9","72.9"
"1402","73.19","73.19","73.19"
"1403","71.92","71.92","71.92"
"1404","72.77","72.77","72.77"
"1405","72.9","72.9","72.9"
"1406","72.22","72.22","72.22"
"1407","72.3","72.3","72.3"
"1408","72.88","72.88","72.88"
"1409","73","73","73"
"1410","71.31","71.31","71.31"
"1411","72.78","72.78","72.78"
"1412","73.16","73.16","73.16"
"1413","72.39","72.39","72.39"
"1414","72.03","72.03","72.03"
"1415","74.23","74.23","74.23"
"1416","72.33","72.33","72.33"
"1417","73.39","73.39","73.39"
"1418","71.64","71.64","71.64"
"1419","71.64","71.64","71.64"
"1420","71.47","71.47","71.47"
"1421","72.49","72.49","72.49"
"1422","72.3","72.3","72.3"
"1423","73.75","73.75","73.75"
"1424","72.93","72.93","72.93"
"1425","72.73","72.73","72.73"
"1426","74.22","74.22","74.22"
"1427","72.89","72.89","72.89"
"1428","72.84","72.84","72.84"
"1429","71.85","71.85","71.85"
"1430","72.14","72.14","72.14"
"1431","71.8","71.8","71.8"
"1432","72.84","72.84","72.84"
"1433","72.6","72.6","72.6"
"1434","72.24","72.24","72.24"
"1435","72.77","72.77","72.77"
"1436","73.11","73.11","73.11"
"1437","73.01","73.01","73.01"
"1438","72.7","72.7","72.7"
"1439","73.11","73.11","73.11"
"1440","71.74","71.74","71.74"
"1441","71.25","71.25","71.25"
"1442","72.66","72.66","72.66"
"1443","72.79","72.79","72.79"
"1444","72.41","72.41","72.41"
"1445","72.86","72.86","72.86"
"1446","72.43","72.43","72.43"
"1447","72.93","72.93","72.93"
"1448","72.33","72.33","72.33"
"1449","72.6","72.6","72.6"
"1450","73.96","73.96","73.96"
"1451","72.65","72.65","72.65"
"1452","71.99","71.99","71.99"
"1453","72.92","72.92","72.92"
"1454","73.24","73.24","73.24"
"1455","73.65","73.65","73.65"
"1456","73.4","73.4","73.4"
"1457","73.36","73.36","73.36"
"1458","73.09","73.09","73.09"
"1459","73.75","73.75","73.75"
"1460","72.53","72.53","72.53"
"1461","72.6","72.6","72.6"
"1462","73.85","73.85","73.85"
"1463","72.53","72.53","72.53"
"1464","72.5","72.5","72.5"
"1465","73.49","73.49","73.49"
"1466","73.12","73.12","73.12"
"1467","73.19","73.19","73.19"
"1468","72.71","72.71","72.71"
"1469","72.92","72.92","72.92"
"1470","73.65","73.65","73.65"
"1471","72.14","72.14","72.14"
"1472","74.04","74.04","74.04"
"1473","73.62","73.62","73.62"
"1474","74.19","74.19","74.19"
"1475","72.86","72.86","72.86"
"1476","73.58","73.58","73.58"
"1477","73.68","73.68","73.68"
"1478","73.19","73.19","73.19"
"1479","73.68","73.68","73.68"
"1480","74","74","74"
"1481","73.97","73.97","73.97"
"1482","73.28","73.28","73.28"
"1483","72.73","72.73","72.73"
"1484","72.6","72.6","72.6"
"1485","73.75","73.75","73.75"
"1486","73.07","73.07","73.07"
"1487","72.93","72.93","72.93"
"1488","72.79","72.79","72.79"
"1489","73.29","73.29","73.29"
"1490","74.05","74.05","74.05"
"1491","73.72","73.72","73.72"
"1492","72.12","72.12","72.12"
"1493","72.3","72.3","72.3"
"1494","73.68","73.68","73.68"
"1495","72.61","72.61","72.61"
"1496","73.17","73.17","73.17"
"1497","72.63","72.63","72.63"
"1498","71.54","71.54","71.54"
"1499","72.98","72.98","72.98"
"1500","73.27","73.27","73.27"
"1501","72.81","72.81","72.81"
"1502","73.2","73.2","73.2"
"1503","72.31","72.31","72.31"
"1504","72.98","72.98","72.98"
"1505","72.5","72.5","72.5"
"1506","72.5","72.5","72.5"
"1507","72.82","72.82","72.82"
"1508","72.02","72.02","72.02"
"1509","73.15","73.15","73.15"
"1510","73.54","73.54","73.54"
"1511","72.31","72.31","72.31"
"1512","72.85","72.85","72.85"
"1513","72.59","72.59","72.59"
"1514","72.49","72.49","72.49"
"1515","72.68","72.68","72.68"
"1516","73.22","73.22","73.22"
"1517","73.19","73.19","73.19"
"1518","72.11","72.11","72.11"
"1519","72.79","72.79","72.79"
"1520","72.41","72.41","72.41"
"1521","73.59","73.59","73.59"
"1522","73.21","73.21","73.21"
"1523","73.96","73.96","73.96"
"1524","73.49","73.49","73.49"
"1525","73.88","73.88","73.88"
"1526","72.53","72.53","72.53"
"1527","73.87","73.87","73.87"
"1528","72.77","72.77","72.77"
"1529","72.59","72.59","72.59"
"1530","73.39","73.39","73.39"
"1531","72.28","72.28","72.28"
"1532","73.78","73.78","73.78"
"1533","73.42","73.42","73.42"
"1534","74.09","74.09","74.09"
"1535","72.84","72.84","72.84"
"1536","73.88","73.88","73.88"
"1537","73.29","73.29","73.29"
"1538","72.93","72.93","72.93"
"1539","73.16","73.16","73.16"
"1540","73.17","73.17","73.17"
"1541","73.77","73.77","73.77"
"1542","73.27","73.27","73.27"
"1543","72.7","72.7","72.7"
"1544","72.82","72.82","72.82"
"1545","73.17","73.17","73.17"
"1546","73.38","73.38","73.38"
"1547","72.32","72.32","72.32"
"1548","73.31","73.31","73.31"
"1549","73.88","73.88","73.88"
"1550","72.99","72.99","72.99"
"1551","73.19","73.19","73.19"
"1552","73.93","73.93","73.93"
"1553","73.41","73.41","73.41"
"1554","73.06","73.06","73.06"
"1555","72.11","72.11","72.11"
"1556","72.69","72.69","72.69"
"1557","72.23","72.23","72.23"
"1558","73.3","73.3","73.3"
"1559","73.37","73.37","73.37"
"1560","73.96","73.96","73.96"
"1561","73.67","73.67","73.67"
"1562","73.59","73.59","73.59"
"1563","73","73","73"
"1564","73","73","73"
"1565","73.59","73.59","73.59"
"1566","73.07","73.07","73.07"
"1567","73.02","73.02","73.02"
"1568","72.88","72.88","72.88"
"1569","73.4","73.4","73.4"
"1570","73.99","73.99","73.99"
"1571","73.49","73.49","73.49"
"1572","72.87","72.87","72.87"
"1573","72.68","72.68","72.68"
"1574","72.97","72.97","72.97"
"1575","72.33","72.33","72.33"
"1576","73.39","73.39","73.39"
"1577","73.28","73.28","73.28"
"1578","72.21","72.21","72.21"
"1579","72.47","72.47","72.47"
"1580","72.78","72.78","72.78"
"1581","72.9","72.9","72.9"
"1582","73.01","73.01","73.01"
"1583","72.58","72.58","72.58"
"1584","74.08","74.08","74.08"
"1585","73","73","73"
"1586","72.72","72.72","72.72"
"1587","74.63","74.63","74.63"
"1588","73.71","73.71","73.71"
"1589","73.2","73.2","73.2"
"1590","73.86","73.86","73.86"
"1591","73.44","73.44","73.44"
"1592","74.62","74.62","74.62"
"1593","73.28","73.28","73.28"
"1594","73.84","73.84","73.84"
"1595","73.27","73.27","73.27"
"1596","73.97","73.97","73.97"
"1597","73.57","73.57","73.57"
"1598","73.78","73.78","73.78"
"1599","74.64","74.64","74.64"
"1600","74.55","74.55","74.55"
"1601","73.12","73.12","73.12"
"1602","73.01","73.01","73.01"
"1603","74.02","74.02","74.02"
"1604","73.99","73.99","73.99"
"1605","73.29","73.29","73.29"
"1606","73.71","73.71","73.71"
"1607","73.46","73.46","73.46"
"1608","73.11","73.11","73.11"
"1609","73.73","73.73","73.73"
"1610","74.93","74.93","74.93"
"1611","74.39","74.39","74.39"
"1612","72.96","72.96","72.96"
"1613","73.21","73.21","73.21"
"1614","74.08","74.08","74.08"
"1615","72.94","72.94","72.94"
"1616","74.29","74.29","74.29"
"1617","74.11","74.11","74.11"
"1618","73.32","73.32","73.32"
"1619","74.25","74.25","74.25"
"1620","73.84","73.84","73.84"
"1621","72.87","72.87","72.87"
"1622","72.5","72.5","72.5"
"1623","73.05","73.05","73.05"
"1624","73.7","73.7","73.7"
"1625","73.7","73.7","73.7"
"1626","73.49","73.49","73.49"
"1627","74.46","74.46","74.46"
"1628","73.28","73.28","73.28"
"1629","73.18","73.18","73.18"
"1630","73.85","73.85","73.85"
"1631","73.4","73.4","73.4"
"1632","73.02","73.02","73.02"
"1633","73.6","73.6","73.6"
"1634","72.61","72.61","72.61"
"1635","72.92","72.92","72.92"
"1636","72.53","72.53","72.53"
"1637","74.56","74.56","74.56"
"1638","73.42","73.42","73.42"
"1639","73.21","73.21","73.21"
"1640","72.73","72.73","72.73"
"1641","73.77","73.77","73.77"
"1642","72.83","72.83","72.83"
"1643","73.27","73.27","73.27"
"1644","73.43","73.43","73.43"
"1645","73.38","73.38","73.38"
"1646","73.34","73.34","73.34"
"1647","73.26","73.26","73.26"
"1648","72.7","72.7","72.7"
"1649","73.47","73.47","73.47"
"1650","73.28","73.28","73.28"
"1651","72.79","72.79","72.79"
"1652","73.78","73.78","73.78"
"1653","74.17","74.17","74.17"
"1654","74","74","74"
"1655","74.26","74.26","74.26"
"1656","72.69","72.69","72.69"
"1657","74.2","74.2","74.2"
"1658","73.29","73.29","73.29"
"1659","73.39","73.39","73.39"
"1660","72.74","72.74","72.74"
"1661","73.02","73.02","73.02"
"1662","74.28","74.28","74.28"
"1663","74.17","74.17","74.17"
"1664","73.6","73.6","73.6"
"1665","73.96","73.96","73.96"
"1666","73.66","73.66","73.66"
"1667","74.21","74.21","74.21"
"1668","73.57","73.57","73.57"
"1669","73.18","73.18","73.18"
"1670","74.44","74.44","74.44"
"1671","73.29","73.29","73.29"
"1672","72.98","72.98","72.98"
"1673","73.88","73.88","73.88"
"1674","73.66","73.66","73.66"
"1675","73.31","73.31","73.31"
"1676","73.32","73.32","73.32"
"1677","73.4","73.4","73.4"
"1678","74.02","74.02","74.02"
"1679","74.47","74.47","74.47"
"1680","74.57","74.57","74.57"
"1681","73.96","73.96","73.96"
"1682","74.57","74.57","74.57"
"1683","74.05","74.05","74.05"
"1684","74.58","74.58","74.58"
"1685","73.12","73.12","73.12"
"1686","73.46","73.46","73.46"
"1687","73.46","73.46","73.46"
"1688","74.29","74.29","74.29"
"1689","73.39","73.39","73.39"
"1690","73.16","73.16","73.16"
"1691","72.91","72.91","72.91"
"1692","74.09","74.09","74.09"
"1693","73.98","73.98","73.98"
"1694","74.27","74.27","74.27"
"1695","74.06","74.06","74.06"
"1696","73.88","73.88","73.88"
"1697","73.98","73.98","73.98"
"1698","73.9","73.9","73.9"
"1699","74.54","74.54","74.54"
"1700","74.25","74.25","74.25"
"1701","73.07","73.07","73.07"
"1702","74.69","74.69","74.69"
"1703","73.96","73.96","73.96"
"1704","74.54","74.54","74.54"
"1705","73.97","73.97","73.97"
"1706","72.95","72.95","72.95"
"1707","72.89","72.89","72.89"
"1708","74.24","74.24","74.24"
"1709","73.65","73.65","73.65"
"1710","73.45","73.45","73.45"
"1711","74.15","74.15","74.15"
"1712","73.08","73.08","73.08"
"1713","72.88","72.88","72.88"
"1714","73.91","73.91","73.91"
"1715","73.12","73.12","73.12"
"1716","73.53","73.53","73.53"
"1717","74.64","74.64","74.64"
"1718","74.45","74.45","74.45"
"1719","73.82","73.82","73.82"
"1720","74.87","74.87","74.87"
"1721","73.76","73.76","73.76"
"1722","73.79","73.79","73.79"
"1723","74.63","74.63","74.63"
"1724","72.53","72.53","72.53"
"1725","73.09","73.09","73.09"
"1726","74.11","74.11","74.11"
"1727","73.48","73.48","73.48"
"1728","73.41","73.41","73.41"
"1729","73.89","73.89","73.89"
"1730","74.68","74.68","74.68"
"1731","74.09","74.09","74.09"
"1732","74.65","74.65","74.65"
"1733","73.38","73.38","73.38"
"1734","74.24","74.24","74.24"
"1735","74.29","74.29","74.29"
"1736","73.97","73.97","73.97"
"1737","75.21","75.21","75.21"
"1738","73.87","73.87","73.87"
"1739","74.35","74.35","74.35"
"1740","74.85","74.85","74.85"
"1741","75.83","75.83","75.83"
"1742","74.53","74.53","74.53"
"1743","74.54","74.54","74.54"
"1744","75.59","75.59","75.59"
"1745","75.87","75.87","75.87"
"1746","75.18","75.18","75.18"
"1747","75.21","75.21","75.21"
"1748","76.77","76.77","76.77"
"1749","77.45","77.45","77.45"
"1750","77.37","77.37","77.37"
"1751","78.24","78.24","78.24"
"1752","77.55","77.55","77.55"
"1753","77.47","77.47","77.47"
"1754","76.54","76.54","76.54"
"1755","76.59","76.59","76.59"
"1756","76.56","76.56","76.56"
"1757","78.04","78.04","78.04"
"1758","78.04","78.04","78.04"
"1759","77.13","77.13","77.13"
"1760","77.34","77.34","77.34"
"1761","78.45","78.45","78.45"
"1762","77.56","77.56","77.56"
"1763","76.86","76.86","76.86"
"1764","78.35","78.35","78.35"
"1765","77.87","77.87","77.87"
"1766","77.98","77.98","77.98"
"1767","77.01","77.01","77.01"
"1768","77.28","77.28","77.28"
"1769","77.23","77.23","77.23"
"1770","75.91","75.91","75.91"
"1771","77.28","77.28","77.28"
"1772","77.05","77.05","77.05"
"1773","77.36","77.36","77.36"
"1774","77.85","77.85","77.85"
"1775","77.76","77.76","77.76"
"1776","76.86","76.86","76.86"
"1777","77.27","77.27","77.27"
"1778","77.16","77.16","77.16"
"1779","77.78","77.78","77.78"
"1780","78.36","78.36","78.36"
"1781","77.29","77.29","77.29"
"1782","77.57","77.57","77.57"
"1783","78.08","78.08","78.08"
"1784","77.35","77.35","77.35"
"1785","77.27","77.27","77.27"
"1786","76.7","76.7","76.7"
"1787","77.18","77.18","77.18"
"1788","78.1","78.1","78.1"
"1789","77.69","77.69","77.69"
"1790","77.3","77.3","77.3"
"1791","77.49","77.49","77.49"
"1792","77.37","77.37","77.37"
"1793","78.04","78.04","78.04"
"1794","77.56","77.56","77.56"
"1795","78.08","78.08","78.08"
"1796","78.34","78.34","78.34"
"1797","77.36","77.36","77.36"
"1798","77.66","77.66","77.66"
"1799","78.05","78.05","78.05"
"1800","77.41","77.41","77.41"
"1801","78.35","78.35","78.35"
"1802","77.47","77.47","77.47"
"1803","78.37","78.37","78.37"
"1804","77.85","77.85","77.85"
"1805","77.74","77.74","77.74"
"1806","78.53","78.53","78.53"
"1807","77.66","77.66","77.66"
"1808","77.85","77.85","77.85"
"1809","77.38","77.38","77.38"
"1810","78.05","78.05","78.05"
"1811","77.07","77.07","77.07"
"1812","77.36","77.36","77.36"
"1813","77.57","77.57","77.57"
"1814","78.06","78.06","78.06"
"1815","77.68","77.68","77.68"
"1816","77.39","77.39","77.39"
"1817","78.44","78.44","78.44"
"1818","78.32","78.32","78.32"
"1819","78.38","78.38","78.38"
"1820","78.35","78.35","78.35"
"1821","77.57","77.57","77.57"
"1822","78.84","78.84","78.84"
"1823","78.16","78.16","78.16"
"1824","77.92","77.92","77.92"
"1825","78.04","78.04","78.04"
"1826","78.05","78.05","78.05"
"1827","76.46","76.46","76.46"
"1828","77.44","77.44","77.44"
"1829","78.95","78.95","78.95"
"1830","78.07","78.07","78.07"
"1831","77.68","77.68","77.68"
"1832","77.96","77.96","77.96"
"1833","79.05","79.05","79.05"
"1834","79.35","79.35","79.35"
"1835","78.06","78.06","78.06"
"1836","79.15","79.15","79.15"
"1837","78.84","78.84","78.84"
"1838","77.36","77.36","77.36"
"1839","77.85","77.85","77.85"
"1840","77.68","77.68","77.68"
"1841","78.24","78.24","78.24"
"1842","77.95","77.95","77.95"
"1843","77.39","77.39","77.39"
"1844","77.86","77.86","77.86"
"1845","77.97","77.97","77.97"
"1846","77.21","77.21","77.21"
"1847","78.02","78.02","78.02"
"1848","77.57","77.57","77.57"
"1849","77.79","77.79","77.79"
"1850","76.61","76.61","76.61"
"1851","77.67","77.67","77.67"
"1852","77.79","77.79","77.79"
"1853","78.54","78.54","78.54"
"1854","77.87","77.87","77.87"
"1855","78.57","78.57","78.57"
"1856","77.77","77.77","77.77"
"1857","78.34","78.34","78.34"
"1858","78.62","78.62","78.62"
"1859","78.35","78.35","78.35"
"1860","77.58","77.58","77.58"
"1861","78.08","78.08","78.08"
"1862","78.38","78.38","78.38"
"1863","78.44","78.44","78.44"
"1864","79.05","79.05","79.05"
"1865","78.18","78.18","78.18"
"1866","78.94","78.94","78.94"
"1867","78.46","78.46","78.46"
"1868","79.52","79.52","79.52"
"1869","78.95","78.95","78.95"
"1870","78.71","78.71","78.71"
"1871","77.96","77.96","77.96"
"1872","78.63","78.63","78.63"
"1873","77.86","77.86","77.86"
"1874","78.27","78.27","78.27"
"1875","78.25","78.25","78.25"
"1876","78.44","78.44","78.44"
"1877","79.14","79.14","79.14"
"1878","77.87","77.87","77.87"
"1879","77.93","77.93","77.93"
"1880","78.35","78.35","78.35"
"1881","77.85","77.85","77.85"
"1882","77.85","77.85","77.85"
"1883","79.04","79.04","79.04"
"1884","79.42","79.42","79.42"
"1885","78.24","78.24","78.24"
"1886","78.43","78.43","78.43"
"1887","78.35","78.35","78.35"
"1888","78.83","78.83","78.83"
"1889","78.26","78.26","78.26"
"1890","78.87","78.87","78.87"
"1891","79.1","79.1","79.1"
"1892","79.34","79.34","79.34"
"1893","78.81","78.81","78.81"
"1894","78.64","78.64","78.64"
"1895","77.36","77.36","77.36"
"1896","77.95","77.95","77.95"
"1897","77.77","77.77","77.77"
"1898","78.77","78.77","78.77"
"1899","76.97","76.97","76.97"
"1900","77.84","77.84","77.84"
"1901","78.43","78.43","78.43"
"1902","78.38","78.38","78.38"
"1903","77.73","77.73","77.73"
"1904","77.73","77.73","77.73"
"1905","78.44","78.44","78.44"
"1906","77.49","77.49","77.49"
"1907","77.96","77.96","77.96"
"1908","77.67","77.67","77.67"
"1909","78.74","78.74","78.74"
"1910","79.02","79.02","79.02"
"1911","77.67","77.67","77.67"
"1912","78.25","78.25","78.25"
"1913","78.71","78.71","78.71"
"1914","77.51","77.51","77.51"
"1915","77.44","77.44","77.44"
"1916","78.55","78.55","78.55"
"1917","77.59","77.59","77.59"
"1918","77.84","77.84","77.84"
"1919","78.02","78.02","78.02"
"1920","77.57","77.57","77.57"
"1921","78.26","78.26","78.26"
"1922","79.31","79.31","79.31"
"1923","77.97","77.97","77.97"
"1924","78.71","78.71","78.71"
"1925","78.46","78.46","78.46"
"1926","78.44","78.44","78.44"
"1927","78.76","78.76","78.76"
"1928","78.06","78.06","78.06"
"1929","79.32","79.32","79.32"
"1930","78.91","78.91","78.91"
"1931","78.14","78.14","78.14"
"1932","79.13","79.13","79.13"
"1933","78.14","78.14","78.14"
"1934","78.04","78.04","78.04"
"1935","77.95","77.95","77.95"
"1936","78.73","78.73","78.73"
"1937","78.5","78.5","78.5"
"1938","77.97","77.97","77.97"
"1939","78.13","78.13","78.13"
"1940","78.72","78.72","78.72"
"1941","77.96","77.96","77.96"
"1942","78.54","78.54","78.54"
"1943","79.23","79.23","79.23"
"1944","78.37","78.37","78.37"
"1945","77.65","77.65","77.65"
"1946","78.83","78.83","78.83"
"1947","78.92","78.92","78.92"
"1948","78.53","78.53","78.53"
"1949","78.93","78.93","78.93"
"1950","79.16","79.16","79.16"
"1951","79.36","79.36","79.36"
"1952","79.11","79.11","79.11"
"1953","78.84","78.84","78.84"
"1954","78.64","78.64","78.64"
"1955","79.04","79.04","79.04"
"1956","77.77","77.77","77.77"
"1957","78.76","78.76","78.76"
"1958","78.57","78.57","78.57"
"1959","78.32","78.32","78.32"
"1960","78.13","78.13","78.13"
"1961","78.48","78.48","78.48"
"1962","78.55","78.55","78.55"
"1963","78.26","78.26","78.26"
"1964","77.98","77.98","77.98"
"1965","79.51","79.51","79.51"
"1966","78.94","78.94","78.94"
"1967","79.32","79.32","79.32"
"1968","79.11","79.11","79.11"
"1969","79.3","79.3","79.3"
"1970","78.83","78.83","78.83"
"1971","78.81","78.81","78.81"
"1972","77.96","77.96","77.96"
"1973","78.17","78.17","78.17"
"1974","78.61","78.61","78.61"
"1975","78.54","78.54","78.54"
"1976","79.4","79.4","79.4"
"1977","78.43","78.43","78.43"
"1978","78.03","78.03","78.03"
"1979","78.32","78.32","78.32"
"1980","79.13","79.13","79.13"
"1981","78.85","78.85","78.85"
"1982","78.23","78.23","78.23"
"1983","78.99","78.99","78.99"
"1984","78.94","78.94","78.94"
"1985","78.92","78.92","78.92"
"1986","77.97","77.97","77.97"
"1987","78.33","78.33","78.33"
"1988","78.57","78.57","78.57"
"1989","78.34","78.34","78.34"
"1990","78.04","78.04","78.04"
"1991","79.71","79.71","79.71"
"1992","78.43","78.43","78.43"
"1993","78.92","78.92","78.92"
"1994","78.34","78.34","78.34"
"1995","78.51","78.51","78.51"
"1996","79.31","79.31","79.31"
"1997","78.41","78.41","78.41"
"1998","79.04","79.04","79.04"
"1999","79.1","79.1","79.1"
"2000","79.1","79.1","79.1"
"2001","79.71","79.71","79.71"
"2002","78.67","78.67","78.67"
"2003","78.55","78.55","78.55"
"2004","79.2","79.2","79.2"
"2005","78.6","78.6","78.6"
"2006","79.22","79.22","79.22"
"2007","78.93","78.93","78.93"
"2008","78.73","78.73","78.73"
"2009","78.15","78.15","78.15"
"2010","78.72","78.72","78.72"
"2011","78.95","78.95","78.95"
"2012","78.83","78.83","78.83"
"2013","78.25","78.25","78.25"
"2014","79.68","79.68","79.68"
"2015","78.95","78.95","78.95"
"2016","79.32","79.32","79.32"
"2017","78.4","78.4","78.4"
"2018","78.69","78.69","78.69"
"2019","79.41","79.41","79.41"
"2020","77.66","77.66","77.66"
"2021","78.43","78.43","78.43"
"2022","78.63","78.63","78.63"
"2023","78.86","78.86","78.86"
"2024","78.85","78.85","78.85"
"2025","79.9","79.9","79.9"
"2026","78.53","78.53","78.53"
"2027","78.45","78.45","78.45"
"2028","78.62","78.62","78.62"
"2029","78.74","78.74","78.74"
"2030","79.26","79.26","79.26"
"2031","79.04","79.04","79.04"
"2032","79.34","79.34","79.34"
"2033","78.63","78.63","78.63"
"2034","79.53","79.53","79.53"
"2035","79.23","79.23","79.23"
"2036","79.49","79.49","79.49"
"2037","79.13","79.13","79.13"
"2038","79.31","79.31","79.31"
"2039","79.02","79.02","79.02"
"2040","78.27","78.27","78.27"
"2041","77.95","77.95","77.95"
"2042","79.73","79.73","79.73"
"2043","78.95","78.95","78.95"
"2044","78.66","78.66","78.66"
"2045","79.11","79.11","79.11"
"2046","78.9","78.9","78.9"
"2047","78.15","78.15","78.15"
"2048","78.71","78.71","78.71"
"2049","79.13","79.13","79.13"
"2050","78.51","78.51","78.51"
"2051","78.91","78.91","78.91"
"2052","79.32","79.32","79.32"
"2053","78.46","78.46","78.46"
"2054","78.65","78.65","78.65"
"2055","79.02","79.02","79.02"
"2056","79.74","79.74","79.74"
"2057","78.82","78.82","78.82"
"2058","79.41","79.41","79.41"
"2059","78.93","78.93","78.93"
"2060","78.22","78.22","78.22"
"2061","78.9","78.9","78.9"
"2062","79.61","79.61","79.61"
"2063","78.69","78.69","78.69"
"2064","78.93","78.93","78.93"
"2065","79.4","79.4","79.4"
"2066","79.63","79.63","79.63"
"2067","78.26","78.26","78.26"
"2068","78.75","78.75","78.75"
"2069","79.14","79.14","79.14"
"2070","79.81","79.81","79.81"
"2071","79.69","79.69","79.69"
"2072","79.21","79.21","79.21"
"2073","78.81","78.81","78.81"
"2074","79.22","79.22","79.22"
"2075","79.93","79.93","79.93"
"2076","78.83","78.83","78.83"
"2077","79.98","79.98","79.98"
"2078","78.94","78.94","78.94"
"2079","78.82","78.82","78.82"
"2080","79.41","79.41","79.41"
"2081","79.21","79.21","79.21"
"2082","78.74","78.74","78.74"
"2083","78.62","78.62","78.62"
"2084","78.89","78.89","78.89"
"2085","78.71","78.71","78.71"
"2086","79.31","79.31","79.31"
"2087","78.73","78.73","78.73"
"2088","78.74","78.74","78.74"
"2089","78.32","78.32","78.32"
"2090","79.5","79.5","79.5"
"2091","78.62","78.62","78.62"
"2092","78.51","78.51","78.51"
"2093","78.95","78.95","78.95"
"2094","79.88","79.88","79.88"
"2095","79.04","79.04","79.04"
"2096","79.42","79.42","79.42"
"2097","79.7","79.7","79.7"
"2098","78.84","78.84","78.84"
"2099","79.82","79.82","79.82"
"2100","79.12","79.12","79.12"
"2101","79.17","79.17","79.17"
"2102","79.13","79.13","79.13"
"2103","80.19","80.19","80.19"
"2104","78.43","78.43","78.43"
"2105","78.33","78.33","78.33"
"2106","79.82","79.82","79.82"
"2107","78.92","78.92","78.92"
"2108","79.51","79.51","79.51"
"2109","79.33","79.33","79.33"
"2110","79.31","79.31","79.31"
"2111","78.91","78.91","78.91"
"2112","79.1","79.1","79.1"
"2113","79.92","79.92","79.92"
"2114","79.64","79.64","79.64"
"2115","78.74","78.74","78.74"
"2116","79.5","79.5","79.5"
"2117","79.02","79.02","79.02"
"2118","79.14","79.14","79.14"
"2119","79.79","79.79","79.79"
"2120","78.92","78.92","78.92"
"2121","79.06","79.06","79.06"
"2122","79.7","79.7","79.7"
"2123","79.25","79.25","79.25"
"2124","79.67","79.67","79.67"
"2125","78.42","78.42","78.42"
"2126","78.92","78.92","78.92"
"2127","78.76","78.76","78.76"
"2128","79.22","79.22","79.22"
"2129","79.72","79.72","79.72"
"2130","79.5","79.5","79.5"
"2131","79.62","79.62","79.62"
"2132","79.34","79.34","79.34"
"2133","78.94","78.94","78.94"
"2134","79.42","79.42","79.42"
"2135","80.02","80.02","80.02"
"2136","79.62","79.62","79.62"
"2137","78.36","78.36","78.36"
"2138","79.13","79.13","79.13"
"2139","78.84","78.84","78.84"
"2140","78.56","78.56","78.56"
"2141","79.11","79.11","79.11"
"2142","79.34","79.34","79.34"
"2143","79.72","79.72","79.72"
"2144","79.88","79.88","79.88"
"2145","79.69","79.69","79.69"
"2146","79.51","79.51","79.51"
"2147","80.29","80.29","80.29"
"2148","79.59","79.59","79.59"
"2149","79.54","79.54","79.54"
"2150","78.73","78.73","78.73"
"2151","78.52","78.52","78.52"
"2152","79.99","79.99","79.99"
"2153","79.5","79.5","79.5"
"2154","78.64","78.64","78.64"
"2155","79.82","79.82","79.82"
"2156","79.62","79.62","79.62"
"2157","80.18","80.18","80.18"
"2158","79.4","79.4","79.4"
"2159","79.49","79.49","79.49"
"2160","79.01","79.01","79.01"
"2161","79.81","79.81","79.81"
"2162","79.33","79.33","79.33"
"2163","79.31","79.31","79.31"
"2164","79.06","79.06","79.06"
"2165","80.1","80.1","80.1"
"2166","80.13","80.13","80.13"
"2167","79.71","79.71","79.71"
"2168","79.48","79.48","79.48"
"2169","79.8","79.8","79.8"
"2170","79.11","79.11","79.11"
"2171","78.75","78.75","78.75"
"2172","79.32","79.32","79.32"
"2173","80.19","80.19","80.19"
"2174","79.11","79.11","79.11"
"2175","79.52","79.52","79.52"
"2176","79.41","79.41","79.41"
"2177","79.13","79.13","79.13"
"2178","79.66","79.66","79.66"
"2179","78.9","78.9","78.9"
"2180","79.2","79.2","79.2"
"2181","79.41","79.41","79.41"
"2182","79.6","79.6","79.6"
"2183","79.8","79.8","79.8"
"2184","79.39","79.39","79.39"
"2185","79.12","79.12","79.12"
"2186","79.52","79.52","79.52"
"2187","79.89","79.89","79.89"
"2188","79.42","79.42","79.42"
"2189","80.09","80.09","80.09"
"2190","79.73","79.73","79.73"
"2191","79.82","79.82","79.82"
"2192","80.42","80.42","80.42"
"2193","79.41","79.41","79.41"
"2194","79.05","79.05","79.05"
"2195","79.05","79.05","79.05"
"2196","78.64","78.64","78.64"
"2197","78.93","78.93","78.93"
"2198","79.41","79.41","79.41"
"2199","79.81","79.81","79.81"
"2200","79.23","79.23","79.23"
"2201","79.33","79.33","79.33"
"2202","79.92","79.92","79.92"
"2203","79.63","79.63","79.63"
"2204","79.11","79.11","79.11"
"2205","79.71","79.71","79.71"
"2206","79.5","79.5","79.5"
"2207","79.51","79.51","79.51"
"2208","79.33","79.33","79.33"
"2209","79.32","79.32","79.32"
"2210","79.94","79.94","79.94"
"2211","79.61","79.61","79.61"
"2212","79.93","79.93","79.93"
"2213","79.34","79.34","79.34"
"2214","79.92","79.92","79.92"
"2215","79.79","79.79","79.79"
"2216","79.62","79.62","79.62"
"2217","79.82","79.82","79.82"
"2218","79.71","79.71","79.71"
"2219","78.61","78.61","78.61"
"2220","79.99","79.99","79.99"
"2221","79.82","79.82","79.82"
"2222","79.4","79.4","79.4"
"2223","79.81","79.81","79.81"
"2224","79.8","79.8","79.8"
"2225","79.15","79.15","79.15"
"2226","79.52","79.52","79.52"
"2227","79.19","79.19","79.19"
"2228","79.03","79.03","79.03"
"2229","80.6","80.6","80.6"
"2230","80.58","80.58","80.58"
"2231","80.17","80.17","80.17"
"2232","79.23","79.23","79.23"
"2233","79.68","79.68","79.68"
"2234","80.02","80.02","80.02"
"2235","79.22","79.22","79.22"
"2236","80.21","80.21","80.21"
"2237","79.9","79.9","79.9"
"2238","79.32","79.32","79.32"
"2239","79.9","79.9","79.9"
"2240","80","80","80"
"2241","79.68","79.68","79.68"
"2242","79.39","79.39","79.39"
"2243","80.35","80.35","80.35"
"2244","80.11","80.11","80.11"
"2245","80.3","80.3","80.3"
"2246","79.62","79.62","79.62"
"2247","79.91","79.91","79.91"
"2248","80.02","80.02","80.02"
"2249","80.14","80.14","80.14"
"2250","79.13","79.13","79.13"
"2251","79.52","79.52","79.52"
"2252","80.29","80.29","80.29"
"2253","79.67","79.67","79.67"
"2254","80.98","80.98","80.98"
"2255","79.96","79.96","79.96"
"2256","79.11","79.11","79.11"
"2257","80.38","80.38","80.38"
"2258","79.78","79.78","79.78"
"2259","79.69","79.69","79.69"
"2260","79.31","79.31","79.31"
"2261","80.03","80.03","80.03"
"2262","79.42","79.42","79.42"
"2263","80.2","80.2","80.2"
"2264","79.73","79.73","79.73"
"2265","79.77","79.77","79.77"
"2266","79.9","79.9","79.9"
"2267","79.43","79.43","79.43"
"2268","79.73","79.73","79.73"
"2269","79.9","79.9","79.9"
"2270","79.4","79.4","79.4"
"2271","78.92","78.92","78.92"
"2272","80.1","80.1","80.1"
"2273","79.7","79.7","79.7"
"2274","79.77","79.77","79.77"
"2275","79.99","79.99","79.99"
"2276","79.47","79.47","79.47"
"2277","79.2","79.2","79.2"
"2278","80.48","80.48","80.48"
"2279","79.78","79.78","79.78"
"2280","79.32","79.32","79.32"
"2281","80","80","80"
"2282","79.6","79.6","79.6"
"2283","80.22","80.22","80.22"
"2284","80.06","80.06","80.06"
"2285","79.71","79.71","79.71"
"2286","78.93","78.93","78.93"
"2287","80.02","80.02","80.02"
"2288","79.19","79.19","79.19"
"2289","79.78","79.78","79.78"
"2290","80.01","80.01","80.01"
"2291","80","80","80"
"2292","80.09","80.09","80.09"
"2293","80.09","80.09","80.09"
"2294","80.3","80.3","80.3"
"2295","79.78","79.78","79.78"
"2296","80.18","80.18","80.18"
"2297","79.78","79.78","79.78"
"2298","79.79","79.79","79.79"
"2299","79.21","79.21","79.21"
"2300","79.1","79.1","79.1"
"2301","79.32","79.32","79.32"
"2302","79.68","79.68","79.68"
"2303","79.7","79.7","79.7"
"2304","79.91","79.91","79.91"
"2305","79.66","79.66","79.66"
"2306","80.32","80.32","80.32"
"2307","79.97","79.97","79.97"
"2308","78.82","78.82","78.82"
"2309","79.11","79.11","79.11"
"2310","79.72","79.72","79.72"
"2311","79.31","79.31","79.31"
"2312","79.61","79.61","79.61"
"2313","78.14","78.14","78.14"
"2314","79.61","79.61","79.61"
"2315","79.03","79.03","79.03"
"2316","80.75","80.75","80.75"
"2317","80.09","80.09","80.09"
"2318","79.89","79.89","79.89"
"2319","79.6","79.6","79.6"
"2320","80.13","80.13","80.13"
"2321","79.81","79.81","79.81"
"2322","79.12","79.12","79.12"
"2323","78.53","78.53","78.53"
"2324","79.69","79.69","79.69"
"2325","80.77","80.77","80.77"
"2326","79.7","79.7","79.7"
"2327","79.43","79.43","79.43"
"2328","80.47","80.47","80.47"
"2329","80.19","80.19","80.19"
"2330","80.31","80.31","80.31"
"2331","79.95","79.95","79.95"
"2332","79.8","79.8","79.8"
"2333","79.82","79.82","79.82"
"2334","80.08","80.08","80.08"
"2335","79.74","79.74","79.74"
"2336","79.02","79.02","79.02"
"2337","79.51","79.51","79.51"
"2338","79.6","79.6","79.6"
"2339","79.49","79.49","79.49"
"2340","79.69","79.69","79.69"
"2341","80.01","80.01","80.01"
"2342","80.6","80.6","80.6"
"2343","80.12","80.12","80.12"
"2344","79.65","79.65","79.65"
"2345","79.92","79.92","79.92"
"2346","79.61","79.61","79.61"
"2347","79.91","79.91","79.91"
"2348","79.71","79.71","79.71"
"2349","80.19","80.19","80.19"
"2350","79.98","79.98","79.98"
"2351","79.39","79.39","79.39"
"2352","80.49","80.49","80.49"
"2353","79.92","79.92","79.92"
"2354","80.08","80.08","80.08"
"2355","80.4","80.4","80.4"
"2356","79.3","79.3","79.3"
"2357","79.98","79.98","79.98"
"2358","80.09","80.09","80.09"
"2359","79.19","79.19","79.19"
"2360","79.77","79.77","79.77"
"2361","80.49","80.49","80.49"
"2362","80.12","80.12","80.12"
"2363","80","80","80"
"2364","79.9","79.9","79.9"
"2365","79.59","79.59","79.59"
"2366","79.79","79.79","79.79"
"2367","79.99","79.99","79.99"
"2368","79.88","79.88","79.88"
"2369","80.88","80.88","80.88"
"2370","79.3","79.3","79.3"
"2371","80.01","80.01","80.01"
"2372","78.51","78.51","78.51"
"2373","79.97","79.97","79.97"
"2374","79.81","79.81","79.81"
"2375","79.83","79.83","79.83"
"2376","80.01","80.01","80.01"
"2377","80.57","80.57","80.57"
"2378","80.08","80.08","80.08"
"2379","80.1","80.1","80.1"
"2380","79.81","79.81","79.81"
"2381","79.88","79.88","79.88"
"2382","80","80","80"
"2383","80.08","80.08","80.08"
"2384","80.17","80.17","80.17"
"2385","80.06","80.06","80.06"
"2386","79.69","79.69","79.69"
"2387","80.3","80.3","80.3"
"2388","79.9","79.9","79.9"
"2389","80","80","80"
"2390","80.49","80.49","80.49"
"2391","80.87","80.87","80.87"
"2392","79.71","79.71","79.71"
"2393","80.59","80.59","80.59"
"2394","80.88","80.88","80.88"
"2395","79.41","79.41","79.41"
"2396","79.81","79.81","79.81"
"2397","80.19","80.19","80.19"
"2398","80.37","80.37","80.37"
"2399","80.66","80.66","80.66"
"2400","79.47","79.47","79.47"
"2401","79.95","79.95","79.95"
"2402","79.78","79.78","79.78"
"2403","79.03","79.03","79.03"
"2404","79.79","79.79","79.79"
"2405","79.71","79.71","79.71"
"2406","79.99","79.99","79.99"
"2407","80.56","80.56","80.56"
"2408","79.6","79.6","79.6"
"2409","80.71","80.71","80.71"
"2410","80.79","80.79","80.79"
"2411","79.98","79.98","79.98"
"2412","79.81","79.81","79.81"
"2413","79.42","79.42","79.42"
"2414","80.11","80.11","80.11"
"2415","79.8","79.8","79.8"
"2416","80.21","80.21","80.21"
"2417","79.3","79.3","79.3"
"2418","80.47","80.47","80.47"
"2419","80.47","80.47","80.47"
"2420","80.89","80.89","80.89"
"2421","80.49","80.49","80.49"
"2422","80.2","80.2","80.2"
"2423","80.75","80.75","80.75"
"2424","80.67","80.67","80.67"
"2425","80.76","80.76","80.76"
"2426","80.36","80.36","80.36"
"2427","80.86","80.86","80.86"
"2428","79.6","79.6","79.6"
"2429","80.38","80.38","80.38"
"2430","80.57","80.57","80.57"
"2431","79.48","79.48","79.48"
"2432","79.58","79.58","79.58"
"2433","80.77","80.77","80.77"
"2434","80.19","80.19","80.19"
"2435","80.17","80.17","80.17"
"2436","79.49","79.49","79.49"
"2437","80.17","80.17","80.17"
"2438","80.26","80.26","80.26"
"2439","79.12","79.12","79.12"
"2440","80.18","80.18","80.18"
"2441","80.68","80.68","80.68"
"2442","80.28","80.28","80.28"
"2443","80.19","80.19","80.19"
"2444","80.78","80.78","80.78"
"2445","80.56","80.56","80.56"
"2446","80.29","80.29","80.29"
"2447","80.56","80.56","80.56"
"2448","80.27","80.27","80.27"
"2449","80.09","80.09","80.09"
"2450","80.1","80.1","80.1"
"2451","80.6","80.6","80.6"
"2452","80.47","80.47","80.47"
"2453","80.6","80.6","80.6"
"2454","80.02","80.02","80.02"
"2455","80.5","80.5","80.5"
"2456","80.01","80.01","80.01"
"2457","80.07","80.07","80.07"
"2458","80.33","80.33","80.33"
"2459","81.53","81.53","81.53"
"2460","80.61","80.61","80.61"
"2461","80.45","80.45","80.45"
"2462","80.29","80.29","80.29"
"2463","80.21","80.21","80.21"
"2464","80.58","80.58","80.58"
"2465","78.86","78.86","78.86"
"2466","80.09","80.09","80.09"
"2467","79.89","79.89","79.89"
"2468","80.48","80.48","80.48"
"2469","80.97","80.97","80.97"
"2470","79.82","79.82","79.82"
"2471","79.91","79.91","79.91"
"2472","80.09","80.09","80.09"
"2473","79.91","79.91","79.91"
"2474","80.2","80.2","80.2"
"2475","80.61","80.61","80.61"
"2476","80.02","80.02","80.02"
"2477","80.32","80.32","80.32"
"2478","80.8","80.8","80.8"
"2479","80.69","80.69","80.69"
"2480","80.02","80.02","80.02"
"2481","81.18","81.18","81.18"
"2482","80.96","80.96","80.96"
"2483","81.58","81.58","81.58"
"2484","80.6","80.6","80.6"
"2485","79.6","79.6","79.6"
"2486","80.97","80.97","80.97"
"2487","80.4","80.4","80.4"
"2488","80.56","80.56","80.56"
"2489","80.17","80.17","80.17"
"2490","80.2","80.2","80.2"
"2491","80.78","80.78","80.78"
"2492","79.98","79.98","79.98"
"2493","80.78","80.78","80.78"
"2494","79.82","79.82","79.82"
"2495","80.89","80.89","80.89"
"2496","80.59","80.59","80.59"
"2497","80.96","80.96","80.96"
"2498","80.51","80.51","80.51"
"2499","80.58","80.58","80.58"
"2500","80.39","80.39","80.39"
"2501","80.66","80.66","80.66"
"2502","80.48","80.48","80.48"
"2503","80.29","80.29","80.29"
"2504","80.07","80.07","80.07"
"2505","80.27","80.27","80.27"
"2506","79.61","79.61","79.61"
"2507","80.57","80.57","80.57"
"2508","81.46","81.46","81.46"
"2509","80.29","80.29","80.29"
"2510","79.69","79.69","79.69"
"2511","80.57","80.57","80.57"
"2512","80.37","80.37","80.37"
"2513","80.32","80.32","80.32"
"2514","80.3","80.3","80.3"
"2515","81.06","81.06","81.06"
"2516","80.87","80.87","80.87"
"2517","80.8","80.8","80.8"
"2518","80.16","80.16","80.16"
"2519","80.48","80.48","80.48"
"2520","80.11","80.11","80.11"
"2521","80.87","80.87","80.87"
"2522","80.75","80.75","80.75"
"2523","81.66","81.66","81.66"
"2524","79.89","79.89","79.89"
"2526","79.8","79.8","79.8"
"2527","79.52","79.52","79.52"
"2528","80.48","80.48","80.48"
"2529","79.9","79.9","79.9"
"2530","81.06","81.06","81.06"
"2531","80.79","80.79","80.79"
"2532","80.49","80.49","80.49"
"2533","80.82","80.82","80.82"
"2534","80.38","80.38","80.38"
"2535","80.29","80.29","80.29"
"2536","80.28","80.28","80.28"
"2537","80.6","80.6","80.6"
"2538","80.5","80.5","80.5"
"2539","80.31","80.31","80.31"
"2540","80.89","80.89","80.89"
"2541","80.02","80.02","80.02"
"2542","80.88","80.88","80.88"
"2543","80.68","80.68","80.68"
"2544","81.16","81.16","81.16"
"2545","80.23","80.23","80.23"
"2546","80.57","80.57","80.57"
"2547","81.08","81.08","81.08"
"2548","81.47","81.47","81.47"
"2549","80.88","80.88","80.88"
"2550","81.34","81.34","81.34"
"2551","80.98","80.98","80.98"
"2552","79.58","79.58","79.58"
"2553","81.25","81.25","81.25"
"2554","80.1","80.1","80.1"
"2555","80.37","80.37","80.37"
"2556","80.67","80.67","80.67"
"2557","80.54","80.54","80.54"
"2558","80.26","80.26","80.26"
"2559","81.25","81.25","81.25"
"2560","79.88","79.88","79.88"
"2561","81.09","81.09","81.09"
"2562","80.68","80.68","80.68"
"2563","79.87","79.87","79.87"
"2564","80.54","80.54","80.54"
"2565","80.37","80.37","80.37"
"2566","80.98","80.98","80.98"
"2567","80.78","80.78","80.78"
"2568","80.99","80.99","80.99"
"2569","80.78","80.78","80.78"
"2570","81.18","81.18","81.18"
"2571","80.58","80.58","80.58"
"2572","81.28","81.28","81.28"
"2573","80.09","80.09","80.09"
"2574","80.88","80.88","80.88"
"2575","81.44","81.44","81.44"
"2576","81.09","81.09","81.09"
"2577","81.17","81.17","81.17"
"2578","80.34","80.34","80.34"
"2579","80.37","80.37","80.37"
"2580","80.39","80.39","80.39"
"2581","80.76","80.76","80.76"
"2582","80.39","80.39","80.39"
"2583","80.28","80.28","80.28"
"2584","80.64","80.64","80.64"
"2585","80.38","80.38","80.38"
"2586","80.6","80.6","80.6"
"2587","81.26","81.26","81.26"
"2588","80.78","80.78","80.78"
"2589","81.49","81.49","81.49"
"2590","79.89","79.89","79.89"
"2591","80.9","80.9","80.9"
"2592","80.37","80.37","80.37"
"2593","79.79","79.79","79.79"
"2594","80.19","80.19","80.19"
"2595","81.1","81.1","81.1"
"2596","80.87","80.87","80.87"
"2597","80.67","80.67","80.67"
"2598","80.97","80.97","80.97"
"2599","80.79","80.79","80.79"
"2600","80.78","80.78","80.78"
"2601","80.7","80.7","80.7"
"2602","80.3","80.3","80.3"
"2603","80.57","80.57","80.57"
"2604","81.1","81.1","81.1"
"2605","80.9","80.9","80.9"
"2606","79.63","79.63","79.63"
"2607","80.38","80.38","80.38"
"2608","80.11","80.11","80.11"
"2609","80.21","80.21","80.21"
"2610","80.89","80.89","80.89"
"2611","80.51","80.51","80.51"
"2612","80.31","80.31","80.31"
"2613","80.29","80.29","80.29"
"2614","80.49","80.49","80.49"
"2615","79.98","79.98","79.98"
"2616","80.72","80.72","80.72"
"2617","80.88","80.88","80.88"
"2618","80.76","80.76","80.76"
"2619","80.96","80.96","80.96"
"2620","81.28","81.28","81.28"
"2621","80.57","80.57","80.57"
"2622","81.13","81.13","81.13"
"2623","80.27","80.27","80.27"
"2624","79.58","79.58","79.58"
"2625","80.08","80.08","80.08"
"2626","80.48","80.48","80.48"
"2627","80.48","80.48","80.48"
"2628","79.98","79.98","79.98"
"2629","80.75","80.75","80.75"
"2630","80.86","80.86","80.86"
"2631","80.22","80.22","80.22"
"2632","80.81","80.81","80.81"
"2633","80.31","80.31","80.31"
"2634","80.59","80.59","80.59"
"2635","80.46","80.46","80.46"
"2636","80.66","80.66","80.66"
"2637","80.7","80.7","80.7"
"2638","81.56","81.56","81.56"
"2639","80.85","80.85","80.85"
"2640","80.66","80.66","80.66"
"2641","81.46","81.46","81.46"
"2642","79.81","79.81","79.81"
"2643","81.09","81.09","81.09"
"2644","81.19","81.19","81.19"
"2645","81.1","81.1","81.1"
"2646","80.68","80.68","80.68"
"2647","81.18","81.18","81.18"
"2648","81.56","81.56","81.56"
"2649","80.57","80.57","80.57"
"2650","80.84","80.84","80.84"
"2651","81.48","81.48","81.48"
"2652","81.07","81.07","81.07"
"2653","82.23","82.23","82.23"
"2654","80.86","80.86","80.86"
"2655","81.17","81.17","81.17"
"2656","80.97","80.97","80.97"
"2657","80.61","80.61","80.61"
"2658","81.05","81.05","81.05"
"2659","81.17","81.17","81.17"
"2660","80.88","80.88","80.88"
"2661","80.96","80.96","80.96"
"2662","80.98","80.98","80.98"
"2663","81.05","81.05","81.05"
"2664","80.95","80.95","80.95"
"2665","80.86","80.86","80.86"
"2666","80.68","80.68","80.68"
"2667","80.88","80.88","80.88"
"2668","81.17","81.17","81.17"
"2669","80.97","80.97","80.97"
"2670","81.93","81.93","81.93"
"2671","81.17","81.17","81.17"
"2672","81.2","81.2","81.2"
"2673","80.89","80.89","80.89"
"2674","81.58","81.58","81.58"
"2675","81.26","81.26","81.26"
"2676","81.08","81.08","81.08"
"2677","80.57","80.57","80.57"
"2678","80.77","80.77","80.77"
"2679","80.69","80.69","80.69"
"2680","80.96","80.96","80.96"
"2681","80.4","80.4","80.4"
"2682","80.87","80.87","80.87"
"2683","80.38","80.38","80.38"
"2684","81.08","81.08","81.08"
"2685","80.69","80.69","80.69"
"2686","80.47","80.47","80.47"
"2687","80.37","80.37","80.37"
"2688","80.28","80.28","80.28"
"2689","80.57","80.57","80.57"
"2690","80.8","80.8","80.8"
"2691","81.87","81.87","81.87"
"2692","80.74","80.74","80.74"
"2693","80.28","80.28","80.28"
"2694","80.66","80.66","80.66"
"2695","80.99","80.99","80.99"
"2696","81.07","81.07","81.07"
"2697","81.68","81.68","81.68"
"2698","80.79","80.79","80.79"
"2699","81.69","81.69","81.69"
"2700","81.27","81.27","81.27"
"2701","81.25","81.25","81.25"
"2702","81.11","81.11","81.11"
"2703","81.67","81.67","81.67"
"2704","81.45","81.45","81.45"
"2705","80.57","80.57","80.57"
"2706","80.98","80.98","80.98"
"2707","81.23","81.23","81.23"
"2708","80.19","80.19","80.19"
"2709","79.79","79.79","79.79"
"2710","80.87","80.87","80.87"
"2711","81.08","81.08","81.08"
"2712","80.46","80.46","80.46"
"2713","80.86","80.86","80.86"
"2714","81.17","81.17","81.17"
"2715","81.18","81.18","81.18"
"2716","81.19","81.19","81.19"
"2717","81.45","81.45","81.45"
"2718","80.72","80.72","80.72"
"2719","80.97","80.97","80.97"
"2720","80.67","80.67","80.67"
"2721","80.2","80.2","80.2"
"2722","81.27","81.27","81.27"
"2723","80.39","80.39","80.39"
"2724","81.68","81.68","81.68"
"2725","81.57","81.57","81.57"
"2726","80.47","80.47","80.47"
"2727","80.95","80.95","80.95"
"2728","81.06","81.06","81.06"
"2729","81.47","81.47","81.47"
"2730","81.29","81.29","81.29"
"2731","82.94","82.94","82.94"
"2732","81.76","81.76","81.76"
"2733","81.55","81.55","81.55"
"2734","81.67","81.67","81.67"
"2735","81.57","81.57","81.57"
"2736","81.06","81.06","81.06"
"2737","80.77","80.77","80.77"
"2738","80.93","80.93","80.93"
"2739","80.85","80.85","80.85"
"2740","80.5","80.5","80.5"
"2741","81.36","81.36","81.36"
"2742","81.55","81.55","81.55"
"2743","81.24","81.24","81.24"
"2744","80.89","80.89","80.89"
"2745","80.85","80.85","80.85"
"2746","81.46","81.46","81.46"
"2747","80.87","80.87","80.87"
"2748","80.5","80.5","80.5"
"2749","81.4","81.4","81.4"
"2750","81.47","81.47","81.47"
"2751","81.27","81.27","81.27"
"2752","80.89","80.89","80.89"
"2753","81.45","81.45","81.45"
"2754","81.28","81.28","81.28"
"2755","81.42","81.42","81.42"
"2756","81.14","81.14","81.14"
"2757","80.25","80.25","80.25"
"2758","80.76","80.76","80.76"
"2759","80.7","80.7","80.7"
"2760","80.76","80.76","80.76"
"2761","80.76","80.76","80.76"
"2762","80.07","80.07","80.07"
"2763","80.68","80.68","80.68"
"2764","80.66","80.66","80.66"
"2765","80.28","80.28","80.28"
"2766","81.07","81.07","81.07"
"2767","80.22","80.22","80.22"
"2768","81","81","81"
"2769","81.87","81.87","81.87"
"2770","82.62","82.62","82.62"
"2771","82.36","82.36","82.36"
"2772","80.09","80.09","80.09"
"2773","80.7","80.7","80.7"
"2774","81.17","81.17","81.17"
"2775","81.01","81.01","81.01"
"2776","80.57","80.57","80.57"
"2777","80.91","80.91","80.91"
"2778","81.95","81.95","81.95"
"2779","81.06","81.06","81.06"
"2780","81.16","81.16","81.16"
"2781","81.97","81.97","81.97"
"2782","81.14","81.14","81.14"
"2783","81.35","81.35","81.35"
"2784","81.26","81.26","81.26"
"2785","80.71","80.71","80.71"
"2786","80.39","80.39","80.39"
"2787","81.25","81.25","81.25"
"2788","81.8","81.8","81.8"
"2789","81.06","81.06","81.06"
"2790","80.57","80.57","80.57"
"2791","81.07","81.07","81.07"
"2793","80.98","80.98","80.98"
"2794","81.16","81.16","81.16"
"2795","81.46","81.46","81.46"
"2796","81.09","81.09","81.09"
"2797","80.88","80.88","80.88"
"2798","81.28","81.28","81.28"
"2799","81.46","81.46","81.46"
"2800","80.59","80.59","80.59"
"2801","81.45","81.45","81.45"
"2802","81.09","81.09","81.09"
"2803","80.28","80.28","80.28"
"2804","80.77","80.77","80.77"
"2805","81.38","81.38","81.38"
"2806","81.2","81.2","81.2"
"2807","80.88","80.88","80.88"
"2808","81.41","81.41","81.41"
"2809","81.1","81.1","81.1"
"2810","80.98","80.98","80.98"
"2811","81.38","81.38","81.38"
"2812","81.27","81.27","81.27"
"2813","81.28","81.28","81.28"
"2814","80.39","80.39","80.39"
"2815","81.16","81.16","81.16"
"2816","81.28","81.28","81.28"
"2817","81.83","81.83","81.83"
"2818","81.27","81.27","81.27"
"2819","80.78","80.78","80.78"
"2820","81.66","81.66","81.66"
"2821","81.66","81.66","81.66"
"2822","80.87","80.87","80.87"
"2823","80.9","80.9","80.9"
"2824","80.86","80.86","80.86"
"2825","81.35","81.35","81.35"
"2826","80.88","80.88","80.88"
"2827","80.97","80.97","80.97"
"2828","81.07","81.07","81.07"
"2829","81.47","81.47","81.47"
"2830","81.46","81.46","81.46"
"2831","80.18","80.18","80.18"
"2832","80.48","80.48","80.48"
"2833","80.85","80.85","80.85"
"2834","81.16","81.16","81.16"
"2835","82.75","82.75","82.75"
"2836","81.17","81.17","81.17"
"2837","81.46","81.46","81.46"
"2838","81.93","81.93","81.93"
"2839","81.53","81.53","81.53"
"2840","80.97","80.97","80.97"
"2841","81.56","81.56","81.56"
"2842","81.73","81.73","81.73"
"2843","81.37","81.37","81.37"
"2844","82.07","82.07","82.07"
"2845","81.03","81.03","81.03"
"2846","81.37","81.37","81.37"
"2847","80.58","80.58","80.58"
"2848","81.17","81.17","81.17"
"2849","81.59","81.59","81.59"
"2850","81.84","81.84","81.84"
"2851","81.94","81.94","81.94"
"2852","81.45","81.45","81.45"
"2853","81.88","81.88","81.88"
"2854","81.44","81.44","81.44"
"2855","81.24","81.24","81.24"
"2856","81.07","81.07","81.07"
"2857","80.67","80.67","80.67"
"2858","81.39","81.39","81.39"
"2859","81.47","81.47","81.47"
"2860","81.83","81.83","81.83"
"2861","81.2","81.2","81.2"
"2862","81.47","81.47","81.47"
"2863","82.15","82.15","82.15"
"2864","81.48","81.48","81.48"
"2865","80.76","80.76","80.76"
"2866","80.87","80.87","80.87"
"2867","80.43","80.43","80.43"
"2868","81.4","81.4","81.4"
"2869","81.85","81.85","81.85"
"2870","82.04","82.04","82.04"
"2871","82.61","82.61","82.61"
"2872","82.05","82.05","82.05"
"2873","80.98","80.98","80.98"
"2874","81.37","81.37","81.37"
"2875","81.67","81.67","81.67"
"2876","81.46","81.46","81.46"
"2877","81.76","81.76","81.76"
"2878","81.35","81.35","81.35"
"2879","80.59","80.59","80.59"
"2880","82.04","82.04","82.04"
"2881","81.26","81.26","81.26"
"2882","81.38","81.38","81.38"
"2883","81.49","81.49","81.49"
"2884","81.06","81.06","81.06"
"2885","81.76","81.76","81.76"
"2886","80.84","80.84","80.84"
"2887","81.66","81.66","81.66"
"2888","81.07","81.07","81.07"
"2889","80.96","80.96","80.96"
"2890","81.77","81.77","81.77"
"2891","81.46","81.46","81.46"
"2892","81.86","81.86","81.86"
"2893","81.15","81.15","81.15"
"2894","81.07","81.07","81.07"
"2895","81.75","81.75","81.75"
"2896","81.57","81.57","81.57"
"2897","81.18","81.18","81.18"
"2898","81.75","81.75","81.75"
"2899","81.73","81.73","81.73"
"2900","82.26","82.26","82.26"
"2901","81.07","81.07","81.07"
"2902","81.43","81.43","81.43"
"2903","81.56","81.56","81.56"
"2904","81.24","81.24","81.24"
"2905","81.45","81.45","81.45"
"2906","81.08","81.08","81.08"
"2907","81.36","81.36","81.36"
"2908","81.54","81.54","81.54"
"2909","80.87","80.87","80.87"
"2910","80.98","80.98","80.98"
"2911","81.48","81.48","81.48"
"2912","81.68","81.68","81.68"
"2913","82.24","82.24","82.24"
"2914","81.56","81.56","81.56"
"2915","81.61","81.61","81.61"
"2916","80.71","80.71","80.71"
"2917","81.28","81.28","81.28"
"2918","81.46","81.46","81.46"
"2919","81.87","81.87","81.87"
"2920","81.75","81.75","81.75"
"2921","81.94","81.94","81.94"
"2922","81.95","81.95","81.95"
"2923","81.91","81.91","81.91"
"2924","82.42","82.42","82.42"
"2925","81.56","81.56","81.56"
"2926","81.83","81.83","81.83"
"2927","81.61","81.61","81.61"
"2928","81.34","81.34","81.34"
"2929","81.14","81.14","81.14"
"2930","81.66","81.66","81.66"
"2931","81.45","81.45","81.45"
"2932","81.35","81.35","81.35"
"2933","80.86","80.86","80.86"
"2934","80.77","80.77","80.77"
"2935","81.57","81.57","81.57"
"2936","81.55","81.55","81.55"
"2937","80.2","80.2","80.2"
"2938","80.87","80.87","80.87"
"2939","80.79","80.79","80.79"
"2940","81.48","81.48","81.48"
"2941","81.66","81.66","81.66"
"2942","82.15","82.15","82.15"
"2943","82.04","82.04","82.04"
"2944","81.38","81.38","81.38"
"2945","81.57","81.57","81.57"
"2946","81.62","81.62","81.62"
"2947","81.46","81.46","81.46"
"2948","80.43","80.43","80.43"
"2949","81.93","81.93","81.93"
"2950","81.3","81.3","81.3"
"2951","81.38","81.38","81.38"
"2952","81.5","81.5","81.5"
"2953","81.97","81.97","81.97"
"2954","82.56","82.56","82.56"
"2955","81.87","81.87","81.87"
"2956","82.15","82.15","82.15"
"2957","81.36","81.36","81.36"
"2958","80.75","80.75","80.75"
"2959","81.57","81.57","81.57"
"2960","81.55","81.55","81.55"
"2961","81.86","81.86","81.86"
"2962","81.93","81.93","81.93"
"2963","81.54","81.54","81.54"
"2964","82.03","82.03","82.03"
"2965","81.05","81.05","81.05"
"2966","80.92","80.92","80.92"
"2967","80.86","80.86","80.86"
"2968","80.99","80.99","80.99"
"2969","81.77","81.77","81.77"
"2970","82.14","82.14","82.14"
"2971","82.33","82.33","82.33"
"2972","82.03","82.03","82.03"
"2973","81.66","81.66","81.66"
"2974","80.96","80.96","80.96"
"2975","81.73","81.73","81.73"
"2976","81.06","81.06","81.06"
"2977","80.98","80.98","80.98"
"2978","80.65","80.65","80.65"
"2979","82.14","82.14","82.14"
"2980","81.65","81.65","81.65"
"2981","81.73","81.73","81.73"
"2982","81.82","81.82","81.82"
"2983","81.02","81.02","81.02"
"2984","82.02","82.02","82.02"
"2985","81.13","81.13","81.13"
"2986","81.28","81.28","81.28"
"2987","80.67","80.67","80.67"
"2988","81.22","81.22","81.22"
"2989","81.53","81.53","81.53"
"2990","82.15","82.15","82.15"
"2991","80.78","80.78","80.78"
"2992","80.68","80.68","80.68"
"2993","80.76","80.76","80.76"
"2994","81.56","81.56","81.56"
"2995","82.02","82.02","82.02"
"2996","80.39","80.39","80.39"
"2997","81.94","81.94","81.94"
"2998","81.47","81.47","81.47"
"2999","81.63","81.63","81.63"
"3000","81.07","81.07","81.07"
"3001","81.15","81.15","81.15"
"3002","81.37","81.37","81.37"
"3003","81.97","81.97","81.97"
"3004","81.96","81.96","81.96"
"3005","81.57","81.57","81.57"
"3006","81.65","81.65","81.65"
"3007","82.24","82.24","82.24"
"3008","81.66","81.66","81.66"
"3009","82.05","82.05","82.05"
"3010","81.07","81.07","81.07"
"3011","81.63","81.63","81.63"
"3012","82.1","82.1","82.1"
"3013","82.03","82.03","82.03"
"3014","82.14","82.14","82.14"
"3015","81.82","81.82","81.82"
"3016","80.78","80.78","80.78"
"3017","81.94","81.94","81.94"
"3018","82.05","82.05","82.05"
"3019","81.45","81.45","81.45"
"3020","81.94","81.94","81.94"
"3021","82.53","82.53","82.53"
"3022","82.34","82.34","82.34"
"3023","82.43","82.43","82.43"
"3024","82.33","82.33","82.33"
"3025","82.05","82.05","82.05"
"3026","81.92","81.92","81.92"
"3027","81.45","81.45","81.45"
"3028","81.65","81.65","81.65"
"3029","82.14","82.14","82.14"
"3030","82.14","82.14","82.14"
"3031","82.82","82.82","82.82"
"3032","81.31","81.31","81.31"
"3033","82.02","82.02","82.02"
"3034","81.24","81.24","81.24"
"3035","81.87","81.87","81.87"
"3036","81.66","81.66","81.66"
"3037","81.55","81.55","81.55"
"3038","82.15","82.15","82.15"
"3039","82.37","82.37","82.37"
"3040","81.09","81.09","81.09"
"3041","82.24","82.24","82.24"
"3042","81.25","81.25","81.25"
"3043","81.24","81.24","81.24"
"3044","81.85","81.85","81.85"
"3045","81.96","81.96","81.96"
"3046","82.04","82.04","82.04"
"3047","81.73","81.73","81.73"
"3048","81.67","81.67","81.67"
"3049","81.26","81.26","81.26"
"3050","81.58","81.58","81.58"
"3051","81.46","81.46","81.46"
"3052","82.15","82.15","82.15"
"3053","81.55","81.55","81.55"
"3054","81.47","81.47","81.47"
"3055","82.17","82.17","82.17"
"3056","81.96","81.96","81.96"
"3057","82.75","82.75","82.75"
"3058","82.66","82.66","82.66"
"3059","81.58","81.58","81.58"
"3060","82.44","82.44","82.44"
"3061","82.37","82.37","82.37"
"3062","81.76","81.76","81.76"
"3063","81.67","81.67","81.67"
"3091","81.79","81.79","81.79"
"3092","82.35","82.35","82.35"
"3093","81.75","81.75","81.75"
"3094","81.84","81.84","81.84"
"3095","81.74","81.74","81.74"
"3096","81.44","81.44","81.44"
"3097","81.66","81.66","81.66"
"3098","81.88","81.88","81.88"
"3099","82.06","82.06","82.06"
"3100","82.14","82.14","82.14"
"3101","81.38","81.38","81.38"
"3102","81.38","81.38","81.38"
"3103","81.18","81.18","81.18"
"3104","80.96","80.96","80.96"
"3105","82.15","82.15","82.15"
"3106","81.94","81.94","81.94"
"3107","82.19","82.19","82.19"
"3108","82.07","82.07","82.07"
"3109","82.07","82.07","82.07"
"3110","82.63","82.63","82.63"
"3111","81.9","81.9","81.9"
"3112","81.65","81.65","81.65"
"3113","82.15","82.15","82.15"
"3114","82.47","82.47","82.47"
"3115","82.08","82.08","82.08"
"3116","82.81","82.81","82.81"
"3117","82.54","82.54","82.54"
"3118","81.46","81.46","81.46"
"3119","82.75","82.75","82.75"
"3120","82.83","82.83","82.83"
"3121","81.96","81.96","81.96"
"3122","81.45","81.45","81.45"
"3123","80.88","80.88","80.88"
"3124","81.83","81.83","81.83"
"3125","82.64","82.64","82.64"
"3126","81.36","81.36","81.36"
"3127","83.15","83.15","83.15"
"3128","82.56","82.56","82.56"
"3129","82.37","82.37","82.37"
"3130","82.82","82.82","82.82"
"3131","82.17","82.17","82.17"
"3132","83.04","83.04","83.04"
"3133","82.66","82.66","82.66"
"3134","82.27","82.27","82.27"
"3135","82.25","82.25","82.25"
"3136","83.03","83.03","83.03"
"3137","82.32","82.32","82.32"
"3138","82.82","82.82","82.82"
"3139","82.23","82.23","82.23"
"3140","81.83","81.83","81.83"
"3141","82.73","82.73","82.73"
"3142","82.23","82.23","82.23"
"3143","82.81","82.81","82.81"
"3144","82.52","82.52","82.52"
"3145","81.74","81.74","81.74"
"3146","82.24","82.24","82.24"
"3147","81.76","81.76","81.76"
"3148","82.74","82.74","82.74"
"3149","82.53","82.53","82.53"
"3150","83.04","83.04","83.04"
"3151","81.65","81.65","81.65"
"3152","82.73","82.73","82.73"
"3153","82.36","82.36","82.36"
"3154","82.24","82.24","82.24"
"3155","82.82","82.82","82.82"
"3156","82.05","82.05","82.05"
"3157","82.32","82.32","82.32"
"3158","82.63","82.63","82.63"
"3159","83.03","83.03","83.03"
"3160","82.55","82.55","82.55"
"3161","82.46","82.46","82.46"
"3162","82.47","82.47","82.47"
"3163","82.15","82.15","82.15"
"3164","81.67","81.67","81.67"
"3165","82.37","82.37","82.37"
"3166","81.97","81.97","81.97"
"3167","82.85","82.85","82.85"
"3168","82.66","82.66","82.66"
"3169","82.35","82.35","82.35"
"3170","82.42","82.42","82.42"
"3171","82.15","82.15","82.15"
"3172","82.46","82.46","82.46"
"3173","82.15","82.15","82.15"
"3174","83.34","83.34","83.34"
"3175","82.85","82.85","82.85"
"3176","82.43","82.43","82.43"
"3177","81.57","81.57","81.57"
"3178","82.38","82.38","82.38"
"3179","82.95","82.95","82.95"
"3180","82.63","82.63","82.63"
"3181","82.45","82.45","82.45"
"3182","82.63","82.63","82.63"
"3183","82.56","82.56","82.56"
"3184","82.86","82.86","82.86"
"3185","83.26","83.26","83.26"
"3186","83.06","83.06","83.06"
"3187","83.33","83.33","83.33"
"3188","82.86","82.86","82.86"
"3189","83.05","83.05","83.05"
"3190","83.85","83.85","83.85"
"3191","83.59","83.59","83.59"
"3192","83.33","83.33","83.33"
"3193","83.13","83.13","83.13"
"3194","82.65","82.65","82.65"
"3195","83.24","83.24","83.24"
"3196","83.44","83.44","83.44"
"3197","82.55","82.55","82.55"
"3198","83.01","83.01","83.01"
"3199","82.13","82.13","82.13"
"3200","82.91","82.91","82.91"
"3201","83.32","83.32","83.32"
"3202","83.24","83.24","83.24"
"3203","82.51","82.51","82.51"
"3204","83.32","83.32","83.32"
"3205","82.85","82.85","82.85"
"3206","82.55","82.55","82.55"
"3207","83.43","83.43","83.43"
"3208","82.72","82.72","82.72"
"3209","82.33","82.33","82.33"
"3210","81.27","81.27","81.27"
"3211","82.64","82.64","82.64"
"3212","82.74","82.74","82.74"
"3213","83.24","83.24","83.24"
"3214","83.14","83.14","83.14"
"3215","82.55","82.55","82.55"
"3216","83.12","83.12","83.12"
"3217","82.95","82.95","82.95"
"3218","83.43","83.43","83.43"
"3219","82.77","82.77","82.77"
"3220","83.11","83.11","83.11"
"3221","82.92","82.92","82.92"
"3222","82.72","82.72","82.72"
"3223","83.23","83.23","83.23"
"3224","82.73","82.73","82.73"
"3225","83.02","83.02","83.02"
"3226","82.85","82.85","82.85"
"3227","83.22","83.22","83.22"
"3228","82.83","82.83","82.83"
"3229","83.55","83.55","83.55"
"3230","82.46","82.46","82.46"
"3231","83.13","83.13","83.13"
"3232","82.56","82.56","82.56"
"3233","83.8","83.8","83.8"
"3234","82.94","82.94","82.94"
"3235","83.52","83.52","83.52"
"3236","82.54","82.54","82.54"
"3237","83.4","83.4","83.4"
"3238","83.24","83.24","83.24"
"3239","83.73","83.73","83.73"
"3241","82.86","82.86","82.86"
"3242","82.82","82.82","82.82"
"3243","83.21","83.21","83.21"
"3244","83.04","83.04","83.04"
"3245","83.83","83.83","83.83"
"3246","83.43","83.43","83.43"
"3247","84.02","84.02","84.02"
"3248","84.1","84.1","84.1"
"3249","84.22","84.22","84.22"
"3250","83.43","83.43","83.43"
"3251","83.53","83.53","83.53"
"3252","83.82","83.82","83.82"
"3253","83.34","83.34","83.34"
"3254","84.11","84.11","84.11"
"3255","84.33","84.33","84.33"
"3256","84.22","84.22","84.22"
"3257","82.82","82.82","82.82"
"3258","83.22","83.22","83.22"
"3259","83.73","83.73","83.73"