"Step","benford2 - valid_arithmetic_perfect","benford2 - valid_arithmetic_perfect__MIN","benford2 - valid_arithmetic_perfect__MAX"
"1383","82.86","82.86","82.86"
"1384","83.26","83.26","83.26"
"1385","82.39","82.39","82.39"
"1386","83.04","83.04","83.04"
"1387","83.68","83.68","83.68"
"1388","82.88","82.88","82.88"
"1389","83.37","83.37","83.37"
"1390","82.84","82.84","82.84"
"1391","83.36","83.36","83.36"
"1392","83.47","83.47","83.47"
"1393","82.84","82.84","82.84"
"1394","83.06","83.06","83.06"
"1395","82.29","82.29","82.29"
"1396","83.67","83.67","83.67"
"1397","83.02","83.02","83.02"
"1398","82.73","82.73","82.73"
"1399","83.2","83.2","83.2"
"1400","83.88","83.88","83.88"
"1401","83.51","83.51","83.51"
"1402","83.64","83.64","83.64"
"1403","82.97","82.97","82.97"
"1404","83.21","83.21","83.21"
"1405","83.46","83.46","83.46"
"1406","83.37","83.37","83.37"
"1407","82.88","82.88","82.88"
"1408","83.65","83.65","83.65"
"1409","83.23","83.23","83.23"
"1410","82.39","82.39","82.39"
"1411","83.73","83.73","83.73"
"1412","82.54","82.54","82.54"
"1413","83.67","83.67","83.67"
"1414","83.27","83.27","83.27"
"1415","83.18","83.18","83.18"
"1416","83.39","83.39","83.39"
"1417","83.21","83.21","83.21"
"1418","82.96","82.96","82.96"
"1419","83.9","83.9","83.9"
"1420","83.32","83.32","83.32"
"1421","83.83","83.83","83.83"
"1422","83.26","83.26","83.26"
"1423","83.08","83.08","83.08"
"1424","83.81","83.81","83.81"
"1425","83.44","83.44","83.44"
"1426","83.44","83.44","83.44"
"1427","83.28","83.28","83.28"
"1428","83.47","83.47","83.47"
"1429","82.68","82.68","82.68"
"1430","83.1","83.1","83.1"
"1431","82.6","82.6","82.6"
"1432","83.78","83.78","83.78"
"1433","83.31","83.31","83.31"
"1434","82.4","82.4","82.4"
"1435","83.27","83.27","83.27"
"1436","83.36","83.36","83.36"
"1437","82.78","82.78","82.78"
"1438","83.18","83.18","83.18"
"1439","83.66","83.66","83.66"
"1440","83.41","83.41","83.41"
"1441","83.45","83.45","83.45"
"1442","83.21","83.21","83.21"
"1443","82.71","82.71","82.71"
"1444","82.97","82.97","82.97"
"1445","83.56","83.56","83.56"
"1446","83.69","83.69","83.69"
"1447","83.46","83.46","83.46"
"1448","83.17","83.17","83.17"
"1449","83.39","83.39","83.39"
"1450","83.28","83.28","83.28"
"1451","82.72","82.72","82.72"
"1452","83.27","83.27","83.27"
"1453","84.04","84.04","84.04"
"1454","82.45","82.45","82.45"
"1455","83.03","83.03","83.03"
"1456","83.51","83.51","83.51"
"1457","83.49","83.49","83.49"
"1458","83.61","83.61","83.61"
"1459","82.95","82.95","82.95"
"1460","82.56","82.56","82.56"
"1461","83.49","83.49","83.49"
"1462","83.46","83.46","83.46"
"1463","83.12","83.12","83.12"
"1464","84.16","84.16","84.16"
"1465","83.12","83.12","83.12"
"1466","83.4","83.4","83.4"
"1467","83.77","83.77","83.77"
"1468","83.76","83.76","83.76"
"1469","83.06","83.06","83.06"
"1470","82.9","82.9","82.9"
"1471","83.8","83.8","83.8"
"1472","83.14","83.14","83.14"
"1473","82.85","82.85","82.85"
"1474","82.81","82.81","82.81"
"1475","83.46","83.46","83.46"
"1476","83.54","83.54","83.54"
"1477","83.21","83.21","83.21"
"1478","83.57","83.57","83.57"
"1479","83.37","83.37","83.37"
"1480","83.45","83.45","83.45"
"1481","82.9","82.9","82.9"
"1482","82.77","82.77","82.77"
"1483","83.56","83.56","83.56"
"1484","84.45","84.45","84.45"
"1485","82.91","82.91","82.91"
"1486","83.18","83.18","83.18"
"1487","83.19","83.19","83.19"
"1488","83.24","83.24","83.24"
"1489","83.52","83.52","83.52"
"1490","83.48","83.48","83.48"
"1491","83.47","83.47","83.47"
"1492","82.89","82.89","82.89"
"1493","83.13","83.13","83.13"
"1494","83.47","83.47","83.47"
"1495","83.97","83.97","83.97"
"1496","82.83","82.83","82.83"
"1497","83.58","83.58","83.58"
"1498","83.55","83.55","83.55"
"1499","83.04","83.04","83.04"
"1500","83.07","83.07","83.07"
"1501","83.67","83.67","83.67"
"1502","83.67","83.67","83.67"
"1503","83.58","83.58","83.58"
"1504","83.2","83.2","83.2"
"1505","83.82","83.82","83.82"
"1506","83.68","83.68","83.68"
"1507","83.86","83.86","83.86"
"1508","83.81","83.81","83.81"
"1509","83.55","83.55","83.55"
"1510","83.2","83.2","83.2"
"1511","82.65","82.65","82.65"
"1512","83.5","83.5","83.5"
"1513","82.81","82.81","82.81"
"1514","83.4","83.4","83.4"
"1515","83.08","83.08","83.08"
"1516","83.14","83.14","83.14"
"1517","83.57","83.57","83.57"
"1518","84.2","84.2","84.2"
"1519","83.4","83.4","83.4"
"1520","83.04","83.04","83.04"
"1521","84.23","84.23","84.23"
"1522","83.26","83.26","83.26"
"1523","82.99","82.99","82.99"
"1524","83.4","83.4","83.4"
"1525","83.59","83.59","83.59"
"1526","84.08","84.08","84.08"
"1527","83.71","83.71","83.71"
"1528","83.58","83.58","83.58"
"1529","83.06","83.06","83.06"
"1530","83.38","83.38","83.38"
"1531","83.35","83.35","83.35"
"1532","83.25","83.25","83.25"
"1533","83.55","83.55","83.55"
"1534","83.41","83.41","83.41"
"1535","83.07","83.07","83.07"
"1536","84.37","84.37","84.37"
"1537","83.06","83.06","83.06"
"1538","83.66","83.66","83.66"
"1539","83.46","83.46","83.46"
"1540","82.91","82.91","82.91"
"1541","83.52","83.52","83.52"
"1542","83.29","83.29","83.29"
"1543","84.17","84.17","84.17"
"1544","83.43","83.43","83.43"
"1545","83.86","83.86","83.86"
"1546","83.29","83.29","83.29"
"1547","82.91","82.91","82.91"
"1548","83.17","83.17","83.17"
"1549","83.34","83.34","83.34"
"1550","82.62","82.62","82.62"
"1551","83.61","83.61","83.61"
"1552","83.56","83.56","83.56"
"1553","83.77","83.77","83.77"
"1554","83.35","83.35","83.35"
"1555","83.44","83.44","83.44"
"1556","84.01","84.01","84.01"
"1557","84.72","84.72","84.72"
"1558","82.97","82.97","82.97"
"1559","84.18","84.18","84.18"
"1560","83.09","83.09","83.09"
"1561","83.75","83.75","83.75"
"1562","83.11","83.11","83.11"
"1563","83.82","83.82","83.82"
"1564","83.84","83.84","83.84"
"1565","83.14","83.14","83.14"
"1566","83.42","83.42","83.42"
"1567","83.23","83.23","83.23"
"1568","83.34","83.34","83.34"
"1569","83.52","83.52","83.52"
"1570","83.55","83.55","83.55"
"1571","84.3","84.3","84.3"
"1572","83.82","83.82","83.82"
"1573","83.44","83.44","83.44"
"1574","82.99","82.99","82.99"
"1575","83.2","83.2","83.2"
"1576","83.52","83.52","83.52"
"1577","83.55","83.55","83.55"
"1578","82.89","82.89","82.89"
"1579","83.99","83.99","83.99"
"1580","83.63","83.63","83.63"
"1581","84.6","84.6","84.6"
"1582","83.22","83.22","83.22"
"1583","83.89","83.89","83.89"
"1584","84.16","84.16","84.16"
"1585","83.06","83.06","83.06"
"1586","83.64","83.64","83.64"
"1587","84.07","84.07","84.07"
"1588","83.23","83.23","83.23"
"1589","83.59","83.59","83.59"
"1590","82.55","82.55","82.55"
"1591","84.06","84.06","84.06"
"1592","83.55","83.55","83.55"
"1593","83.55","83.55","83.55"
"1594","83.58","83.58","83.58"
"1595","83.35","83.35","83.35"
"1596","83.17","83.17","83.17"
"1597","83.22","83.22","83.22"
"1598","84.11","84.11","84.11"
"1599","84.01","84.01","84.01"
"1600","83.98","83.98","83.98"
"1601","83.52","83.52","83.52"
"1602","83.91","83.91","83.91"
"1603","82.88","82.88","82.88"
"1604","83.65","83.65","83.65"
"1605","84.39","84.39","84.39"
"1606","83.72","83.72","83.72"
"1607","83.74","83.74","83.74"
"1608","83.89","83.89","83.89"
"1609","83.81","83.81","83.81"
"1610","83.15","83.15","83.15"
"1611","83.53","83.53","83.53"
"1612","83.81","83.81","83.81"
"1613","83.16","83.16","83.16"
"1614","83.69","83.69","83.69"
"1615","83.39","83.39","83.39"
"1616","84","84","84"
"1617","83.04","83.04","83.04"
"1618","83.33","83.33","83.33"
"1619","83.4","83.4","83.4"
"1620","84.2","84.2","84.2"
"1621","83.78","83.78","83.78"
"1622","83.36","83.36","83.36"
"1623","83.64","83.64","83.64"
"1624","83.11","83.11","83.11"
"1625","83.53","83.53","83.53"
"1626","83.86","83.86","83.86"
"1627","83.73","83.73","83.73"
"1628","83.14","83.14","83.14"
"1629","83.85","83.85","83.85"
"1630","84.01","84.01","84.01"
"1631","83.7","83.7","83.7"
"1632","83.75","83.75","83.75"
"1633","83.64","83.64","83.64"
"1634","83.71","83.71","83.71"
"1635","83.61","83.61","83.61"
"1636","83.32","83.32","83.32"
"1637","83.52","83.52","83.52"
"1638","84.14","84.14","84.14"
"1639","84.6","84.6","84.6"
"1640","83.98","83.98","83.98"
"1641","83.72","83.72","83.72"
"1642","83.15","83.15","83.15"
"1643","83.21","83.21","83.21"
"1644","83.49","83.49","83.49"
"1645","84.28","84.28","84.28"
"1646","83.28","83.28","83.28"
"1647","83.71","83.71","83.71"
"1648","83.1","83.1","83.1"
"1649","83.53","83.53","83.53"
"1650","83.7","83.7","83.7"
"1651","83.99","83.99","83.99"
"1652","83.51","83.51","83.51"
"1653","83.85","83.85","83.85"
"1654","84.42","84.42","84.42"
"1655","83.61","83.61","83.61"
"1656","84.12","84.12","84.12"
"1657","84.33","84.33","84.33"
"1658","83.61","83.61","83.61"
"1659","84.29","84.29","84.29"
"1660","82.97","82.97","82.97"
"1661","83.72","83.72","83.72"
"1662","84.11","84.11","84.11"
"1663","84.4","84.4","84.4"
"1664","83.52","83.52","83.52"
"1665","83.23","83.23","83.23"
"1666","83.46","83.46","83.46"
"1667","83.94","83.94","83.94"
"1668","84.1","84.1","84.1"
"1669","84.58","84.58","84.58"
"1670","83.65","83.65","83.65"
"1671","84.15","84.15","84.15"
"1672","83.4","83.4","83.4"
"1673","83.82","83.82","83.82"
"1674","84.07","84.07","84.07"
"1675","84.01","84.01","84.01"
"1676","83.32","83.32","83.32"
"1677","83.64","83.64","83.64"
"1678","83.64","83.64","83.64"
"1679","83.7","83.7","83.7"
"1680","84","84","84"
"1681","84.03","84.03","84.03"
"1682","83.9","83.9","83.9"
"1683","84.09","84.09","84.09"
"1684","83.96","83.96","83.96"
"1685","84.19","84.19","84.19"
"1686","84.04","84.04","84.04"
"1687","83.78","83.78","83.78"
"1688","83.64","83.64","83.64"
"1689","83.98","83.98","83.98"
"1690","84","84","84"
"1691","83.93","83.93","83.93"
"1692","84.11","84.11","84.11"
"1693","83.77","83.77","83.77"
"1694","84.05","84.05","84.05"
"1695","83.63","83.63","83.63"
"1696","83.94","83.94","83.94"
"1697","83.91","83.91","83.91"
"1698","83.68","83.68","83.68"
"1699","83.73","83.73","83.73"
"1700","84.72","84.72","84.72"
"1701","83.58","83.58","83.58"
"1702","84.17","84.17","84.17"
"1703","84.04","84.04","84.04"
"1704","84.65","84.65","84.65"
"1705","84.27","84.27","84.27"
"1706","84.17","84.17","84.17"
"1707","83.81","83.81","83.81"
"1708","83.7","83.7","83.7"
"1709","84.12","84.12","84.12"
"1710","83.36","83.36","83.36"
"1711","83.77","83.77","83.77"
"1712","83.36","83.36","83.36"
"1713","83.57","83.57","83.57"
"1714","84.24","84.24","84.24"
"1715","83.39","83.39","83.39"
"1716","84.19","84.19","84.19"
"1717","83.97","83.97","83.97"
"1718","84.57","84.57","84.57"
"1719","84.28","84.28","84.28"
"1720","84.61","84.61","84.61"
"1721","84.21","84.21","84.21"
"1722","84.16","84.16","84.16"
"1723","84.1","84.1","84.1"
"1724","83.88","83.88","83.88"
"1725","84.44","84.44","84.44"
"1726","83.93","83.93","83.93"
"1727","84.36","84.36","84.36"
"1728","84.3","84.3","84.3"
"1729","84.55","84.55","84.55"
"1730","84.48","84.48","84.48"
"1731","83.35","83.35","83.35"
"1732","84.32","84.32","84.32"
"1733","84.77","84.77","84.77"
"1734","84.27","84.27","84.27"
"1735","84.62","84.62","84.62"
"1736","84.99","84.99","84.99"
"1737","85.08","85.08","85.08"
"1738","84.63","84.63","84.63"
"1739","84.77","84.77","84.77"
"1740","84.76","84.76","84.76"
"1741","84.6","84.6","84.6"
"1742","85.58","85.58","85.58"
"1743","85.62","85.62","85.62"
"1744","85.45","85.45","85.45"
"1745","85.98","85.98","85.98"
"1746","85.65","85.65","85.65"
"1747","84.79","84.79","84.79"
"1748","86.41","86.41","86.41"
"1749","86.59","86.59","86.59"
"1750","86.39","86.39","86.39"
"1751","86.47","86.47","86.47"
"1752","87.08","87.08","87.08"
"1753","87.15","87.15","87.15"
"1754","86.96","86.96","86.96"
"1755","87.08","87.08","87.08"
"1756","87.18","87.18","87.18"
"1757","87.3","87.3","87.3"
"1758","86.78","86.78","86.78"
"1759","87.57","87.57","87.57"
"1760","87.12","87.12","87.12"
"1761","86.96","86.96","86.96"
"1762","87.55","87.55","87.55"
"1763","87.5","87.5","87.5"
"1764","87.59","87.59","87.59"
"1765","87.67","87.67","87.67"
"1766","87.05","87.05","87.05"
"1767","86.97","86.97","86.97"
"1768","87.56","87.56","87.56"
"1769","87.04","87.04","87.04"
"1770","87.39","87.39","87.39"
"1771","87.31","87.31","87.31"
"1772","87.69","87.69","87.69"
"1773","87.18","87.18","87.18"
"1774","87.7","87.7","87.7"
"1775","87.22","87.22","87.22"
"1776","87.27","87.27","87.27"
"1777","87.36","87.36","87.36"
"1778","87.26","87.26","87.26"
"1779","86.76","86.76","86.76"
"1780","87.59","87.59","87.59"
"1781","86.85","86.85","86.85"
"1782","87.77","87.77","87.77"
"1783","87.4","87.4","87.4"
"1784","87.04","87.04","87.04"
"1785","87.3","87.3","87.3"
"1786","88.07","88.07","88.07"
"1787","87.18","87.18","87.18"
"1788","87.36","87.36","87.36"
"1789","87.17","87.17","87.17"
"1790","87.06","87.06","87.06"
"1791","87.04","87.04","87.04"
"1792","86.8","86.8","86.8"
"1793","87.65","87.65","87.65"
"1794","87.29","87.29","87.29"
"1795","87.27","87.27","87.27"
"1796","87.11","87.11","87.11"
"1797","86.73","86.73","86.73"
"1798","87.52","87.52","87.52"
"1799","87.57","87.57","87.57"
"1800","87.58","87.58","87.58"
"1801","87.47","87.47","87.47"
"1802","87.16","87.16","87.16"
"1803","87.35","87.35","87.35"
"1804","87.16","87.16","87.16"
"1805","87.35","87.35","87.35"
"1806","87.61","87.61","87.61"
"1807","87.68","87.68","87.68"
"1808","87.28","87.28","87.28"
"1809","87.57","87.57","87.57"
"1810","88.14","88.14","88.14"
"1811","87.11","87.11","87.11"
"1812","87.21","87.21","87.21"
"1813","87.53","87.53","87.53"
"1814","87.29","87.29","87.29"
"1815","87.02","87.02","87.02"
"1816","87.8","87.8","87.8"
"1817","87.29","87.29","87.29"
"1818","87","87","87"
"1819","87.33","87.33","87.33"
"1820","87.47","87.47","87.47"
"1821","86.42","86.42","86.42"
"1822","87.48","87.48","87.48"
"1823","87.65","87.65","87.65"
"1824","87.26","87.26","87.26"
"1825","87.37","87.37","87.37"
"1826","87.42","87.42","87.42"
"1827","86.96","86.96","86.96"
"1828","87.29","87.29","87.29"
"1829","86.67","86.67","86.67"
"1830","87.2","87.2","87.2"
"1831","87.46","87.46","87.46"
"1832","88.1","88.1","88.1"
"1833","87.63","87.63","87.63"
"1834","87.61","87.61","87.61"
"1835","87.74","87.74","87.74"
"1836","87.61","87.61","87.61"
"1837","87.57","87.57","87.57"
"1838","87.86","87.86","87.86"
"1839","87.77","87.77","87.77"
"1840","87.45","87.45","87.45"
"1841","88","88","88"
"1842","87.56","87.56","87.56"
"1843","87.65","87.65","87.65"
"1844","87.42","87.42","87.42"
"1845","87.45","87.45","87.45"
"1846","87.62","87.62","87.62"
"1847","87.21","87.21","87.21"
"1848","87.13","87.13","87.13"
"1849","88.22","88.22","88.22"
"1850","87.84","87.84","87.84"
"1851","87.23","87.23","87.23"
"1852","87.23","87.23","87.23"
"1853","87.42","87.42","87.42"
"1854","87.7","87.7","87.7"
"1855","87.4","87.4","87.4"
"1856","87.54","87.54","87.54"
"1857","87.58","87.58","87.58"
"1858","87.04","87.04","87.04"
"1859","87.24","87.24","87.24"
"1860","87.56","87.56","87.56"
"1861","87.7","87.7","87.7"
"1862","87.82","87.82","87.82"
"1863","86.99","86.99","86.99"
"1864","87.34","87.34","87.34"
"1865","87.91","87.91","87.91"
"1866","87.62","87.62","87.62"
"1867","87.56","87.56","87.56"
"1868","88.23","88.23","88.23"
"1869","87.36","87.36","87.36"
"1870","86.91","86.91","86.91"
"1871","87.42","87.42","87.42"
"1872","87.47","87.47","87.47"
"1873","88.18","88.18","88.18"
"1874","87.11","87.11","87.11"
"1875","88.22","88.22","88.22"
"1876","87.83","87.83","87.83"
"1877","87.65","87.65","87.65"
"1878","87.72","87.72","87.72"
"1879","87.45","87.45","87.45"
"1880","87.84","87.84","87.84"
"1881","87.64","87.64","87.64"
"1882","87.56","87.56","87.56"
"1883","87.98","87.98","87.98"
"1884","87.23","87.23","87.23"
"1885","87.21","87.21","87.21"
"1886","87.29","87.29","87.29"
"1887","87.67","87.67","87.67"
"1888","86.77","86.77","86.77"
"1889","88.19","88.19","88.19"
"1890","87.92","87.92","87.92"
"1891","87.25","87.25","87.25"
"1892","86.7","86.7","86.7"
"1893","87.45","87.45","87.45"
"1894","87.63","87.63","87.63"
"1895","87.33","87.33","87.33"
"1896","87.78","87.78","87.78"
"1897","87.62","87.62","87.62"
"1898","87.85","87.85","87.85"
"1899","88.18","88.18","88.18"
"1900","88.03","88.03","88.03"
"1901","87.91","87.91","87.91"
"1902","87.39","87.39","87.39"
"1903","87.38","87.38","87.38"
"1904","87.38","87.38","87.38"
"1905","87.38","87.38","87.38"
"1906","87.59","87.59","87.59"
"1907","87.8","87.8","87.8"
"1908","87.8","87.8","87.8"
"1909","87.97","87.97","87.97"
"1910","87.58","87.58","87.58"
"1911","87.14","87.14","87.14"
"1912","87.42","87.42","87.42"
"1913","87.51","87.51","87.51"
"1914","87.49","87.49","87.49"
"1915","87.69","87.69","87.69"
"1916","87.18","87.18","87.18"
"1917","87.35","87.35","87.35"
"1918","87.32","87.32","87.32"
"1919","87.47","87.47","87.47"
"1920","87.47","87.47","87.47"
"1921","87.48","87.48","87.48"
"1922","88.36","88.36","88.36"
"1923","86.87","86.87","86.87"
"1924","87.99","87.99","87.99"
"1925","88.02","88.02","88.02"
"1926","87.9","87.9","87.9"
"1927","88.03","88.03","88.03"
"1928","87.34","87.34","87.34"
"1929","87.56","87.56","87.56"
"1930","87.41","87.41","87.41"
"1931","88.08","88.08","88.08"
"1932","87.89","87.89","87.89"
"1933","87.67","87.67","87.67"
"1934","87.31","87.31","87.31"
"1935","87.65","87.65","87.65"
"1936","87.76","87.76","87.76"
"1937","87.78","87.78","87.78"
"1938","87.69","87.69","87.69"
"1939","87.58","87.58","87.58"
"1940","87.45","87.45","87.45"
"1941","88.11","88.11","88.11"
"1942","87.98","87.98","87.98"
"1943","87.54","87.54","87.54"
"1944","87.51","87.51","87.51"
"1945","87.48","87.48","87.48"
"1946","87.65","87.65","87.65"
"1947","87.46","87.46","87.46"
"1948","88.01","88.01","88.01"
"1949","87.44","87.44","87.44"
"1950","87.37","87.37","87.37"
"1951","88.28","88.28","88.28"
"1952","87.49","87.49","87.49"
"1953","87.38","87.38","87.38"
"1954","87.69","87.69","87.69"
"1955","87.5","87.5","87.5"
"1956","87.83","87.83","87.83"
"1957","87.88","87.88","87.88"
"1958","87.97","87.97","87.97"
"1959","88.05","88.05","88.05"
"1960","87.96","87.96","87.96"
"1961","87.25","87.25","87.25"
"1962","87.85","87.85","87.85"
"1963","87.31","87.31","87.31"
"1964","87.6","87.6","87.6"
"1965","87.48","87.48","87.48"
"1966","87.25","87.25","87.25"
"1967","87.86","87.86","87.86"
"1968","87.67","87.67","87.67"
"1969","87.67","87.67","87.67"
"1970","88.03","88.03","88.03"
"1971","88","88","88"
"1972","87.38","87.38","87.38"
"1973","87.66","87.66","87.66"
"1974","88.42","88.42","88.42"
"1975","87.4","87.4","87.4"
"1976","87.49","87.49","87.49"
"1977","87.75","87.75","87.75"
"1978","87.39","87.39","87.39"
"1979","86.95","86.95","86.95"
"1980","87.55","87.55","87.55"
"1981","87.7","87.7","87.7"
"1982","88.21","88.21","88.21"
"1983","87.56","87.56","87.56"
"1984","87.17","87.17","87.17"
"1985","88.13","88.13","88.13"
"1986","86.72","86.72","86.72"
"1987","87.9","87.9","87.9"
"1988","87.56","87.56","87.56"
"1989","87.59","87.59","87.59"
"1990","87.98","87.98","87.98"
"1991","87.76","87.76","87.76"
"1992","88","88","88"
"1993","88.12","88.12","88.12"
"1994","87.76","87.76","87.76"
"1995","87.97","87.97","87.97"
"1996","87.51","87.51","87.51"
"1997","87.75","87.75","87.75"
"1998","88.24","88.24","88.24"
"1999","87.66","87.66","87.66"
"2000","87.76","87.76","87.76"
"2001","87.75","87.75","87.75"
"2002","87.75","87.75","87.75"
"2003","87.57","87.57","87.57"
"2004","88.42","88.42","88.42"
"2005","87.45","87.45","87.45"
"2006","88.05","88.05","88.05"
"2007","88","88","88"
"2008","87.7","87.7","87.7"
"2009","87.71","87.71","87.71"
"2010","87.8","87.8","87.8"
"2011","88.05","88.05","88.05"
"2012","88","88","88"
"2013","87.49","87.49","87.49"
"2014","88.18","88.18","88.18"
"2015","88.18","88.18","88.18"
"2016","88.34","88.34","88.34"
"2017","87.66","87.66","87.66"
"2018","88.12","88.12","88.12"
"2019","87.69","87.69","87.69"
"2020","88.05","88.05","88.05"
"2021","87.29","87.29","87.29"
"2022","87.46","87.46","87.46"
"2023","87.72","87.72","87.72"
"2024","87.71","87.71","87.71"
"2025","87.85","87.85","87.85"
"2026","87.81","87.81","87.81"
"2027","88.15","88.15","88.15"
"2028","88.37","88.37","88.37"
"2029","87.71","87.71","87.71"
"2030","87.78","87.78","87.78"
"2031","87.57","87.57","87.57"
"2032","87.95","87.95","87.95"
"2033","87.69","87.69","87.69"
"2034","87.63","87.63","87.63"
"2035","87.45","87.45","87.45"
"2036","87.95","87.95","87.95"
"2037","87.64","87.64","87.64"
"2038","87.9","87.9","87.9"
"2039","87.82","87.82","87.82"
"2040","87.85","87.85","87.85"
"2041","87.68","87.68","87.68"
"2042","87.66","87.66","87.66"
"2043","88.05","88.05","88.05"
"2044","87.88","87.88","87.88"
"2045","87.55","87.55","87.55"
"2046","88.23","88.23","88.23"
"2047","87.35","87.35","87.35"
"2048","88.12","88.12","88.12"
"2049","88","88","88"
"2050","88.35","88.35","88.35"
"2051","87.63","87.63","87.63"
"2052","87.77","87.77","87.77"
"2053","87.93","87.93","87.93"
"2054","88.12","88.12","88.12"
"2055","87.4","87.4","87.4"
"2056","87.63","87.63","87.63"
"2057","88.39","88.39","88.39"
"2058","88.34","88.34","88.34"
"2059","87.84","87.84","87.84"
"2060","87.72","87.72","87.72"
"2061","87.8","87.8","87.8"
"2062","88.03","88.03","88.03"
"2063","87.44","87.44","87.44"
"2064","87.67","87.67","87.67"
"2065","87.84","87.84","87.84"
"2066","88.41","88.41","88.41"
"2067","87.89","87.89","87.89"
"2068","87.74","87.74","87.74"
"2069","87.42","87.42","87.42"
"2070","87.27","87.27","87.27"
"2071","87.79","87.79","87.79"
"2072","88.06","88.06","88.06"
"2073","87.26","87.26","87.26"
"2074","87.97","87.97","87.97"
"2075","88.24","88.24","88.24"
"2076","87.58","87.58","87.58"
"2077","87.93","87.93","87.93"
"2078","87.83","87.83","87.83"
"2079","88.38","88.38","88.38"
"2080","87.66","87.66","87.66"
"2081","88.55","88.55","88.55"
"2082","88.3","88.3","88.3"
"2083","87.78","87.78","87.78"
"2084","87.77","87.77","87.77"
"2085","88.38","88.38","88.38"
"2086","87.99","87.99","87.99"
"2087","88.12","88.12","88.12"
"2088","88.4","88.4","88.4"
"2089","88.11","88.11","88.11"
"2090","87.98","87.98","87.98"
"2091","87.59","87.59","87.59"
"2092","87.82","87.82","87.82"
"2093","88.31","88.31","88.31"
"2094","87.9","87.9","87.9"
"2095","87.82","87.82","87.82"
"2096","87.71","87.71","87.71"
"2097","87.81","87.81","87.81"
"2098","87.02","87.02","87.02"
"2099","87.93","87.93","87.93"
"2100","88.16","88.16","88.16"
"2101","88.16","88.16","88.16"
"2102","87.71","87.71","87.71"
"2103","87.73","87.73","87.73"
"2104","87.62","87.62","87.62"
"2105","88.07","88.07","88.07"
"2106","88.6","88.6","88.6"
"2107","87.89","87.89","87.89"
"2108","87.55","87.55","87.55"
"2109","88.05","88.05","88.05"
"2110","87.87","87.87","87.87"
"2111","88.13","88.13","88.13"
"2112","88.28","88.28","88.28"
"2113","88.07","88.07","88.07"
"2114","87.93","87.93","87.93"
"2115","87.91","87.91","87.91"
"2116","88.01","88.01","88.01"
"2117","87.31","87.31","87.31"
"2118","88.24","88.24","88.24"
"2119","88.02","88.02","88.02"
"2120","88.38","88.38","88.38"
"2121","88.02","88.02","88.02"
"2122","87.82","87.82","87.82"
"2123","87.56","87.56","87.56"
"2124","88.82","88.82","88.82"
"2125","88.32","88.32","88.32"
"2126","88.29","88.29","88.29"
"2127","88.08","88.08","88.08"
"2128","87.58","87.58","87.58"
"2129","87.61","87.61","87.61"
"2130","88.28","88.28","88.28"
"2131","88","88","88"
"2132","87.91","87.91","87.91"
"2133","88.5","88.5","88.5"
"2134","87.98","87.98","87.98"
"2135","87.98","87.98","87.98"
"2136","87.62","87.62","87.62"
"2137","87.82","87.82","87.82"
"2138","87.93","87.93","87.93"
"2139","87.45","87.45","87.45"
"2140","87.98","87.98","87.98"
"2141","88.1","88.1","88.1"
"2142","87.88","87.88","87.88"
"2143","87.65","87.65","87.65"
"2144","88.2","88.2","88.2"
"2145","88.01","88.01","88.01"
"2146","88.37","88.37","88.37"
"2147","87.9","87.9","87.9"
"2148","89.06","89.06","89.06"
"2149","88.08","88.08","88.08"
"2150","88.57","88.57","88.57"
"2151","88.05","88.05","88.05"
"2152","88.07","88.07","88.07"
"2153","88.36","88.36","88.36"
"2154","87.99","87.99","87.99"
"2155","87.94","87.94","87.94"
"2156","87.72","87.72","87.72"
"2157","87.66","87.66","87.66"
"2158","87.36","87.36","87.36"
"2159","88.31","88.31","88.31"
"2160","88.03","88.03","88.03"
"2161","88.07","88.07","88.07"
"2162","87.91","87.91","87.91"
"2163","88.39","88.39","88.39"
"2164","88.49","88.49","88.49"
"2165","87.93","87.93","87.93"
"2166","87.89","87.89","87.89"
"2167","88.15","88.15","88.15"
"2168","87.8","87.8","87.8"
"2169","88.27","88.27","88.27"
"2170","87.43","87.43","87.43"
"2171","87.97","87.97","87.97"
"2172","87.74","87.74","87.74"
"2173","88.03","88.03","88.03"
"2174","88.35","88.35","88.35"
"2175","88.28","88.28","88.28"
"2176","88.43","88.43","88.43"
"2177","88.01","88.01","88.01"
"2178","88.25","88.25","88.25"
"2179","88.18","88.18","88.18"
"2180","87.63","87.63","87.63"
"2181","87.98","87.98","87.98"
"2182","88.2","88.2","88.2"
"2183","87.75","87.75","87.75"
"2184","88.31","88.31","88.31"
"2185","87.92","87.92","87.92"
"2186","88.08","88.08","88.08"
"2187","88.67","88.67","88.67"
"2188","88.12","88.12","88.12"
"2189","88.26","88.26","88.26"
"2190","88.15","88.15","88.15"
"2191","88.39","88.39","88.39"
"2192","87.85","87.85","87.85"
"2193","87.71","87.71","87.71"
"2194","88.04","88.04","88.04"
"2195","88.35","88.35","88.35"
"2196","87.74","87.74","87.74"
"2197","88.2","88.2","88.2"
"2198","88.12","88.12","88.12"
"2199","88.06","88.06","88.06"
"2200","88.45","88.45","88.45"
"2201","88.18","88.18","88.18"
"2202","87.86","87.86","87.86"
"2203","88.75","88.75","88.75"
"2204","87.8","87.8","87.8"
"2205","88.17","88.17","88.17"
"2206","88.08","88.08","88.08"
"2207","87.75","87.75","87.75"
"2208","88","88","88"
"2209","88.36","88.36","88.36"
"2210","88.34","88.34","88.34"
"2211","88.27","88.27","88.27"
"2212","88.12","88.12","88.12"
"2213","87.43","87.43","87.43"
"2214","88.23","88.23","88.23"
"2215","88.46","88.46","88.46"
"2216","88.36","88.36","88.36"
"2217","87.81","87.81","87.81"
"2218","88.6","88.6","88.6"
"2219","87.7","87.7","87.7"
"2220","87.88","87.88","87.88"
"2221","88.23","88.23","88.23"
"2222","88.41","88.41","88.41"
"2223","87.5","87.5","87.5"
"2224","88.11","88.11","88.11"
"2225","87.52","87.52","87.52"
"2226","87.94","87.94","87.94"
"2227","88.77","88.77","88.77"
"2228","87.99","87.99","87.99"
"2229","88.2","88.2","88.2"
"2230","87.91","87.91","87.91"
"2231","87.98","87.98","87.98"
"2232","87.94","87.94","87.94"
"2233","88.64","88.64","88.64"
"2234","88.62","88.62","88.62"
"2235","88.29","88.29","88.29"
"2236","88.33","88.33","88.33"
"2237","88.11","88.11","88.11"
"2238","88.69","88.69","88.69"
"2239","88.03","88.03","88.03"
"2240","87.91","87.91","87.91"
"2241","88.16","88.16","88.16"
"2242","88.2","88.2","88.2"
"2243","88.3","88.3","88.3"
"2244","88.46","88.46","88.46"
"2245","88.11","88.11","88.11"
"2246","88.2","88.2","88.2"
"2247","88.79","88.79","88.79"
"2248","87.59","87.59","87.59"
"2249","88.2","88.2","88.2"
"2250","88.31","88.31","88.31"
"2251","88.17","88.17","88.17"
"2252","87.88","87.88","87.88"
"2253","87.64","87.64","87.64"
"2254","88.44","88.44","88.44"
"2255","88.3","88.3","88.3"
"2256","88.29","88.29","88.29"
"2257","88.25","88.25","88.25"
"2258","87.97","87.97","87.97"
"2259","88.37","88.37","88.37"
"2260","88.41","88.41","88.41"
"2261","88.19","88.19","88.19"
"2262","89.11","89.11","89.11"
"2263","88.16","88.16","88.16"
"2264","88.26","88.26","88.26"
"2265","88.04","88.04","88.04"
"2266","88.46","88.46","88.46"
"2267","88.29","88.29","88.29"
"2268","88.02","88.02","88.02"
"2269","87.85","87.85","87.85"
"2270","87.97","87.97","87.97"
"2271","88.97","88.97","88.97"
"2272","87.9","87.9","87.9"
"2273","88.84","88.84","88.84"
"2274","87.93","87.93","87.93"
"2275","88.25","88.25","88.25"
"2276","88.09","88.09","88.09"
"2277","88.72","88.72","88.72"
"2278","87.98","87.98","87.98"
"2279","88.66","88.66","88.66"
"2280","88.48","88.48","88.48"
"2281","88.64","88.64","88.64"
"2282","88.54","88.54","88.54"
"2283","88.44","88.44","88.44"
"2284","88.46","88.46","88.46"
"2285","88.43","88.43","88.43"
"2286","88.05","88.05","88.05"
"2287","87.96","87.96","87.96"
"2288","87.68","87.68","87.68"
"2289","88.17","88.17","88.17"
"2290","88.47","88.47","88.47"
"2291","88.39","88.39","88.39"
"2292","88.21","88.21","88.21"
"2293","88.91","88.91","88.91"
"2294","88.09","88.09","88.09"
"2295","88.3","88.3","88.3"
"2296","88.11","88.11","88.11"
"2297","88.68","88.68","88.68"
"2298","88.37","88.37","88.37"
"2299","88.21","88.21","88.21"
"2300","87.66","87.66","87.66"
"2301","87.58","87.58","87.58"
"2302","88.6","88.6","88.6"
"2303","88.29","88.29","88.29"
"2304","88.25","88.25","88.25"
"2305","88.63","88.63","88.63"
"2306","88.56","88.56","88.56"
"2307","88.21","88.21","88.21"
"2308","88.81","88.81","88.81"
"2309","88.73","88.73","88.73"
"2310","88.78","88.78","88.78"
"2311","88.69","88.69","88.69"
"2312","88.62","88.62","88.62"
"2313","89.15","89.15","89.15"
"2314","87.96","87.96","87.96"
"2315","88.24","88.24","88.24"
"2316","88.25","88.25","88.25"
"2317","88.62","88.62","88.62"
"2318","88.75","88.75","88.75"
"2319","88.19","88.19","88.19"
"2320","88.03","88.03","88.03"
"2321","88.18","88.18","88.18"
"2322","88.02","88.02","88.02"
"2323","88.29","88.29","88.29"
"2324","87.82","87.82","87.82"
"2325","88.76","88.76","88.76"
"2326","88.12","88.12","88.12"
"2327","88.1","88.1","88.1"
"2328","88.21","88.21","88.21"
"2329","88.94","88.94","88.94"
"2330","87.85","87.85","87.85"
"2331","88.27","88.27","88.27"
"2332","88.38","88.38","88.38"
"2333","88.2","88.2","88.2"
"2334","88.58","88.58","88.58"
"2335","88.67","88.67","88.67"
"2336","88.41","88.41","88.41"
"2337","89.04","89.04","89.04"
"2338","88.07","88.07","88.07"
"2339","88.86","88.86","88.86"
"2340","88.29","88.29","88.29"
"2341","88.58","88.58","88.58"
"2342","88.26","88.26","88.26"
"2343","88.29","88.29","88.29"
"2344","87.45","87.45","87.45"
"2345","88.66","88.66","88.66"
"2346","88.7","88.7","88.7"
"2347","88.86","88.86","88.86"
"2348","87.88","87.88","87.88"
"2349","88.45","88.45","88.45"
"2350","88.19","88.19","88.19"
"2351","88.64","88.64","88.64"
"2352","88.34","88.34","88.34"
"2353","87.84","87.84","87.84"
"2354","88.5","88.5","88.5"
"2355","88.38","88.38","88.38"
"2356","88.13","88.13","88.13"
"2357","87.75","87.75","87.75"
"2358","88.63","88.63","88.63"
"2359","88.18","88.18","88.18"
"2360","88.24","88.24","88.24"
"2361","88.35","88.35","88.35"
"2362","87.92","87.92","87.92"
"2363","88.59","88.59","88.59"
"2364","89.39","89.39","89.39"
"2365","88.5","88.5","88.5"
"2366","88.29","88.29","88.29"
"2367","88.81","88.81","88.81"
"2368","87.49","87.49","87.49"
"2369","88.57","88.57","88.57"
"2370","88.45","88.45","88.45"
"2371","88.21","88.21","88.21"
"2372","88.56","88.56","88.56"
"2373","88.6","88.6","88.6"
"2374","88.3","88.3","88.3"
"2375","88.45","88.45","88.45"
"2376","88.6","88.6","88.6"
"2377","88.11","88.11","88.11"
"2378","88.46","88.46","88.46"
"2379","88.35","88.35","88.35"
"2380","88.65","88.65","88.65"
"2381","88.28","88.28","88.28"
"2382","88.76","88.76","88.76"
"2383","88.56","88.56","88.56"
"2384","87.71","87.71","87.71"
"2385","88.38","88.38","88.38"
"2386","88.19","88.19","88.19"
"2387","88.22","88.22","88.22"
"2388","88.17","88.17","88.17"
"2389","88.02","88.02","88.02"
"2390","87.88","87.88","87.88"
"2391","88.71","88.71","88.71"
"2392","88.53","88.53","88.53"
"2393","88.7","88.7","88.7"
"2394","88.85","88.85","88.85"
"2395","87.97","87.97","87.97"
"2396","88.53","88.53","88.53"
"2397","88.06","88.06","88.06"
"2398","88.02","88.02","88.02"
"2399","88.67","88.67","88.67"
"2400","88.57","88.57","88.57"
"2401","88.42","88.42","88.42"
"2402","88.57","88.57","88.57"
"2403","88.59","88.59","88.59"
"2404","88.59","88.59","88.59"
"2405","89.08","89.08","89.08"
"2406","88.22","88.22","88.22"
"2407","88.47","88.47","88.47"
"2408","88.41","88.41","88.41"
"2409","88.33","88.33","88.33"
"2410","88.7","88.7","88.7"
"2411","88.37","88.37","88.37"
"2412","88.35","88.35","88.35"
"2413","88.39","88.39","88.39"
"2414","88.44","88.44","88.44"
"2415","88.4","88.4","88.4"
"2416","88.38","88.38","88.38"
"2417","88.48","88.48","88.48"
"2418","89.06","89.06","89.06"
"2419","88.56","88.56","88.56"
"2420","88.35","88.35","88.35"
"2421","88.82","88.82","88.82"
"2422","87.99","87.99","87.99"
"2423","88.6","88.6","88.6"
"2424","88.42","88.42","88.42"
"2425","88.27","88.27","88.27"
"2426","88.18","88.18","88.18"
"2427","88.01","88.01","88.01"
"2428","88.71","88.71","88.71"
"2429","88.36","88.36","88.36"
"2430","88.04","88.04","88.04"
"2431","88.52","88.52","88.52"
"2432","88.51","88.51","88.51"
"2433","88.61","88.61","88.61"
"2434","88.63","88.63","88.63"
"2435","88.14","88.14","88.14"
"2436","89.32","89.32","89.32"
"2437","88.77","88.77","88.77"
"2438","88.91","88.91","88.91"
"2439","88.18","88.18","88.18"
"2440","88.46","88.46","88.46"
"2441","88.84","88.84","88.84"
"2442","88.71","88.71","88.71"
"2443","88.91","88.91","88.91"
"2444","88.73","88.73","88.73"
"2445","88.18","88.18","88.18"
"2446","88.29","88.29","88.29"
"2447","87.92","87.92","87.92"
"2448","88.49","88.49","88.49"
"2449","88.49","88.49","88.49"
"2450","88.47","88.47","88.47"
"2451","88.29","88.29","88.29"
"2452","88.29","88.29","88.29"
"2453","88.47","88.47","88.47"
"2454","88.07","88.07","88.07"
"2455","88.32","88.32","88.32"
"2456","88.09","88.09","88.09"
"2457","88.29","88.29","88.29"
"2458","88.62","88.62","88.62"
"2459","87.39","87.39","87.39"
"2460","88.65","88.65","88.65"
"2461","88.4","88.4","88.4"
"2462","88.6","88.6","88.6"
"2463","88.75","88.75","88.75"
"2464","88.28","88.28","88.28"
"2465","88.26","88.26","88.26"
"2466","88.6","88.6","88.6"
"2467","89.13","89.13","89.13"
"2468","87.83","87.83","87.83"
"2469","88.36","88.36","88.36"
"2470","88.91","88.91","88.91"
"2471","88.81","88.81","88.81"
"2472","87.92","87.92","87.92"
"2473","88.81","88.81","88.81"
"2474","88.01","88.01","88.01"
"2475","89.15","89.15","89.15"
"2476","88.96","88.96","88.96"
"2477","88.2","88.2","88.2"
"2478","88.51","88.51","88.51"
"2479","88.98","88.98","88.98"
"2480","88.69","88.69","88.69"
"2481","88.28","88.28","88.28"
"2482","88.82","88.82","88.82"
"2483","88.82","88.82","88.82"
"2484","88.76","88.76","88.76"
"2485","88.14","88.14","88.14"
"2486","88.57","88.57","88.57"
"2487","88.41","88.41","88.41"
"2488","88.91","88.91","88.91"
"2489","88.22","88.22","88.22"
"2490","88.87","88.87","88.87"
"2491","88.12","88.12","88.12"
"2492","88.34","88.34","88.34"
"2493","88.53","88.53","88.53"
"2494","88.76","88.76","88.76"
"2495","88.79","88.79","88.79"
"2496","88.19","88.19","88.19"
"2497","88.54","88.54","88.54"
"2498","88.33","88.33","88.33"
"2499","88.24","88.24","88.24"
"2500","88.91","88.91","88.91"
"2501","88.63","88.63","88.63"
"2502","88.11","88.11","88.11"
"2503","88.48","88.48","88.48"
"2504","88.38","88.38","88.38"
"2505","88.81","88.81","88.81"
"2506","88.58","88.58","88.58"
"2507","89.47","89.47","89.47"
"2508","88.27","88.27","88.27"
"2509","89.39","89.39","89.39"
"2510","88.63","88.63","88.63"
"2511","89.39","89.39","89.39"
"2512","88.63","88.63","88.63"
"2513","88.05","88.05","88.05"
"2514","88.89","88.89","88.89"
"2515","88.94","88.94","88.94"
"2516","88.89","88.89","88.89"
"2517","88.63","88.63","88.63"
"2518","88.58","88.58","88.58"
"2519","88.27","88.27","88.27"
"2520","87.87","87.87","87.87"
"2521","88.75","88.75","88.75"
"2522","87.96","87.96","87.96"
"2523","88.81","88.81","88.81"
"2524","88.82","88.82","88.82"
"2526","88.5","88.5","88.5"
"2527","88.64","88.64","88.64"
"2528","88.74","88.74","88.74"
"2529","89.34","89.34","89.34"
"2530","88.38","88.38","88.38"
"2531","88.27","88.27","88.27"
"2532","88.71","88.71","88.71"
"2533","88.65","88.65","88.65"
"2534","88.44","88.44","88.44"
"2535","88.38","88.38","88.38"
"2536","88.46","88.46","88.46"
"2537","88.78","88.78","88.78"
"2538","88.97","88.97","88.97"
"2539","88.87","88.87","88.87"
"2540","88.31","88.31","88.31"
"2541","88.39","88.39","88.39"
"2542","88.78","88.78","88.78"
"2543","88.75","88.75","88.75"
"2544","88.93","88.93","88.93"
"2545","88.93","88.93","88.93"
"2546","88.5","88.5","88.5"
"2547","88.23","88.23","88.23"
"2548","89.01","89.01","89.01"
"2549","89.04","89.04","89.04"
"2550","88.45","88.45","88.45"
"2551","88.63","88.63","88.63"
"2552","89.22","89.22","89.22"
"2553","89.05","89.05","89.05"
"2554","88.37","88.37","88.37"
"2555","89.41","89.41","89.41"
"2556","88.34","88.34","88.34"
"2557","88.45","88.45","88.45"
"2558","89.07","89.07","89.07"
"2559","88.87","88.87","88.87"
"2560","88.22","88.22","88.22"
"2561","89.59","89.59","89.59"
"2562","88.33","88.33","88.33"
"2563","88.95","88.95","88.95"
"2564","88.62","88.62","88.62"
"2565","89.24","89.24","89.24"
"2566","88.75","88.75","88.75"
"2567","88.42","88.42","88.42"
"2568","88.57","88.57","88.57"
"2569","88.99","88.99","88.99"
"2570","88.94","88.94","88.94"
"2571","88.95","88.95","88.95"
"2572","88.8","88.8","88.8"
"2573","88.37","88.37","88.37"
"2574","89.19","89.19","89.19"
"2575","88.01","88.01","88.01"
"2576","88.9","88.9","88.9"
"2577","88.26","88.26","88.26"
"2578","88.18","88.18","88.18"
"2579","89.07","89.07","89.07"
"2580","88.89","88.89","88.89"
"2581","88.95","88.95","88.95"
"2582","88.44","88.44","88.44"
"2583","88.49","88.49","88.49"
"2584","88.82","88.82","88.82"
"2585","88.51","88.51","88.51"
"2586","88.57","88.57","88.57"
"2587","88.88","88.88","88.88"
"2588","89.01","89.01","89.01"
"2589","89.09","89.09","89.09"
"2590","88.84","88.84","88.84"
"2591","89.04","89.04","89.04"
"2592","88.53","88.53","88.53"
"2593","88.71","88.71","88.71"
"2594","87.66","87.66","87.66"
"2595","88.91","88.91","88.91"
"2596","88.63","88.63","88.63"
"2597","88.5","88.5","88.5"
"2598","88.78","88.78","88.78"
"2599","88.79","88.79","88.79"
"2600","88.69","88.69","88.69"
"2601","89.23","89.23","89.23"
"2602","88.52","88.52","88.52"
"2603","88.75","88.75","88.75"
"2604","89.09","89.09","89.09"
"2605","88.94","88.94","88.94"
"2606","88.42","88.42","88.42"
"2607","88.76","88.76","88.76"
"2608","88.23","88.23","88.23"
"2609","89.08","89.08","89.08"
"2610","89.03","89.03","89.03"
"2611","88.72","88.72","88.72"
"2612","88.4","88.4","88.4"
"2613","88.38","88.38","88.38"
"2614","89.08","89.08","89.08"
"2615","88.84","88.84","88.84"
"2616","89.07","89.07","89.07"
"2617","88.8","88.8","88.8"
"2618","88.84","88.84","88.84"
"2619","88.23","88.23","88.23"
"2620","89.01","89.01","89.01"
"2621","88.72","88.72","88.72"
"2622","88.95","88.95","88.95"
"2623","88.95","88.95","88.95"
"2624","88.52","88.52","88.52"
"2625","88.39","88.39","88.39"
"2626","89.02","89.02","89.02"
"2627","88.16","88.16","88.16"
"2628","88.97","88.97","88.97"
"2629","89.02","89.02","89.02"
"2630","89.48","89.48","89.48"
"2631","88.59","88.59","88.59"
"2632","88.23","88.23","88.23"
"2633","88.81","88.81","88.81"
"2634","88.65","88.65","88.65"
"2635","88.34","88.34","88.34"
"2636","88.58","88.58","88.58"
"2637","88.67","88.67","88.67"
"2638","89.39","89.39","89.39"
"2639","89","89","89"
"2640","88.71","88.71","88.71"
"2641","88.92","88.92","88.92"
"2642","88.84","88.84","88.84"
"2643","88.82","88.82","88.82"
"2644","88.39","88.39","88.39"
"2645","88.02","88.02","88.02"
"2646","88.79","88.79","88.79"
"2647","89.06","89.06","89.06"
"2648","88.6","88.6","88.6"
"2649","88.19","88.19","88.19"
"2650","88.58","88.58","88.58"
"2651","89.06","89.06","89.06"
"2652","89.03","89.03","89.03"
"2653","89.24","89.24","89.24"
"2654","88.63","88.63","88.63"
"2655","88.59","88.59","88.59"
"2656","89.26","89.26","89.26"
"2657","89.13","89.13","89.13"
"2658","88.95","88.95","88.95"
"2659","89.04","89.04","89.04"
"2660","88.47","88.47","88.47"
"2661","88.7","88.7","88.7"
"2662","88.79","88.79","88.79"
"2663","89.21","89.21","89.21"
"2664","88.44","88.44","88.44"
"2665","88.98","88.98","88.98"
"2666","89","89","89"
"2667","88.41","88.41","88.41"
"2668","88.79","88.79","88.79"
"2669","88.67","88.67","88.67"
"2670","88.82","88.82","88.82"
"2671","88.72","88.72","88.72"
"2672","89.53","89.53","89.53"
"2673","88.39","88.39","88.39"
"2674","88.97","88.97","88.97"
"2675","88.89","88.89","88.89"
"2676","89.02","89.02","89.02"
"2677","88.97","88.97","88.97"
"2678","89.19","89.19","89.19"
"2679","88.96","88.96","88.96"
"2680","88.53","88.53","88.53"
"2681","88.62","88.62","88.62"
"2682","88.78","88.78","88.78"
"2683","89.12","89.12","89.12"
"2684","88.91","88.91","88.91"
"2685","89.59","89.59","89.59"
"2686","88.92","88.92","88.92"
"2687","88.75","88.75","88.75"
"2688","88.13","88.13","88.13"
"2689","88.98","88.98","88.98"
"2690","88.4","88.4","88.4"
"2691","88.73","88.73","88.73"
"2692","88.74","88.74","88.74"
"2693","88.07","88.07","88.07"
"2694","88.61","88.61","88.61"
"2695","88.74","88.74","88.74"
"2696","89.03","89.03","89.03"
"2697","88.46","88.46","88.46"
"2698","89.42","89.42","89.42"
"2699","89","89","89"
"2700","88.94","88.94","88.94"
"2701","88.29","88.29","88.29"
"2702","89.19","89.19","89.19"
"2703","89.38","89.38","89.38"
"2704","88.95","88.95","88.95"
"2705","89.1","89.1","89.1"
"2706","89.35","89.35","89.35"
"2707","89.18","89.18","89.18"
"2708","88.88","88.88","88.88"
"2709","88.85","88.85","88.85"
"2710","88.82","88.82","88.82"
"2711","88.84","88.84","88.84"
"2712","88.54","88.54","88.54"
"2713","88.66","88.66","88.66"
"2714","88.71","88.71","88.71"
"2715","89.24","89.24","89.24"
"2716","89.08","89.08","89.08"
"2717","88.54","88.54","88.54"
"2718","88.54","88.54","88.54"
"2719","89.05","89.05","89.05"
"2720","89.14","89.14","89.14"
"2721","89.11","89.11","89.11"
"2722","88.78","88.78","88.78"
"2723","88.48","88.48","88.48"
"2724","88.94","88.94","88.94"
"2725","88.36","88.36","88.36"
"2726","89.54","89.54","89.54"
"2727","88.5","88.5","88.5"
"2728","89.02","89.02","89.02"
"2729","88.88","88.88","88.88"
"2730","88.7","88.7","88.7"
"2731","89.21","89.21","89.21"
"2732","88.66","88.66","88.66"
"2733","87.85","87.85","87.85"
"2734","88.77","88.77","88.77"
"2735","88.72","88.72","88.72"
"2736","88.55","88.55","88.55"
"2737","89.42","89.42","89.42"
"2738","88.96","88.96","88.96"
"2739","88.24","88.24","88.24"
"2740","88.63","88.63","88.63"
"2741","89.46","89.46","89.46"
"2742","89.08","89.08","89.08"
"2743","88.7","88.7","88.7"
"2744","89.52","89.52","89.52"
"2745","88.49","88.49","88.49"
"2746","88.43","88.43","88.43"
"2747","88.81","88.81","88.81"
"2748","89.66","89.66","89.66"
"2749","88.61","88.61","88.61"
"2750","88.48","88.48","88.48"
"2751","88.34","88.34","88.34"
"2752","88.84","88.84","88.84"
"2753","88.47","88.47","88.47"
"2754","88.81","88.81","88.81"
"2755","88.98","88.98","88.98"
"2756","89.39","89.39","89.39"
"2757","88.54","88.54","88.54"
"2758","88.88","88.88","88.88"
"2759","88.82","88.82","88.82"
"2760","88.32","88.32","88.32"
"2761","88.97","88.97","88.97"
"2762","89.29","89.29","89.29"
"2763","88.93","88.93","88.93"
"2764","89.03","89.03","89.03"
"2765","88.95","88.95","88.95"
"2766","88.61","88.61","88.61"
"2767","88.78","88.78","88.78"
"2768","89.33","89.33","89.33"
"2769","89.02","89.02","89.02"
"2770","89.35","89.35","89.35"
"2771","88.74","88.74","88.74"
"2772","88.83","88.83","88.83"
"2773","88.83","88.83","88.83"
"2774","89.46","89.46","89.46"
"2775","88.72","88.72","88.72"
"2776","89.33","89.33","89.33"
"2777","88.74","88.74","88.74"
"2778","89.05","89.05","89.05"
"2779","88.64","88.64","88.64"
"2780","88.79","88.79","88.79"
"2781","88.92","88.92","88.92"
"2782","88.83","88.83","88.83"
"2783","89.13","89.13","89.13"
"2784","88.49","88.49","88.49"
"2785","89.35","89.35","89.35"
"2786","89.05","89.05","89.05"
"2787","88.89","88.89","88.89"
"2788","89.1","89.1","89.1"
"2789","89.09","89.09","89.09"
"2790","89.06","89.06","89.06"
"2791","89.34","89.34","89.34"
"2792","88.81","88.81","88.81"
"2793","89.17","89.17","89.17"
"2794","89.48","89.48","89.48"
"2795","89.01","89.01","89.01"
"2796","88.99","88.99","88.99"
"2797","89.17","89.17","89.17"
"2798","88.95","88.95","88.95"
"2799","88.87","88.87","88.87"
"2800","88.6","88.6","88.6"
"2801","88.71","88.71","88.71"
"2802","89.02","89.02","89.02"
"2803","89.19","89.19","89.19"
"2804","88.38","88.38","88.38"
"2805","88.92","88.92","88.92"
"2806","88.96","88.96","88.96"
"2807","88.85","88.85","88.85"
"2808","88.92","88.92","88.92"
"2809","88.78","88.78","88.78"
"2810","88.96","88.96","88.96"
"2811","89.24","89.24","89.24"
"2812","89.18","89.18","89.18"
"2813","89.45","89.45","89.45"
"2814","88.57","88.57","88.57"
"2815","89.48","89.48","89.48"
"2816","89.64","89.64","89.64"
"2817","88.51","88.51","88.51"
"2818","88.95","88.95","88.95"
"2819","89.51","89.51","89.51"
"2820","88.95","88.95","88.95"
"2821","88.58","88.58","88.58"
"2822","89.08","89.08","89.08"
"2823","89.39","89.39","89.39"
"2824","89.22","89.22","89.22"
"2825","89.19","89.19","89.19"
"2826","89.56","89.56","89.56"
"2827","88.65","88.65","88.65"
"2828","89.29","89.29","89.29"
"2829","89.15","89.15","89.15"
"2830","88.95","88.95","88.95"
"2831","88.97","88.97","88.97"
"2832","89.12","89.12","89.12"
"2833","89.35","89.35","89.35"
"2834","89.03","89.03","89.03"
"2835","89.33","89.33","89.33"
"2836","88.48","88.48","88.48"
"2837","89.06","89.06","89.06"
"2838","88.62","88.62","88.62"
"2839","88.96","88.96","88.96"
"2840","88.89","88.89","88.89"
"2841","89","89","89"
"2842","89.1","89.1","89.1"
"2843","89.06","89.06","89.06"
"2844","89.17","89.17","89.17"
"2845","88.84","88.84","88.84"
"2846","89.09","89.09","89.09"
"2847","89.09","89.09","89.09"
"2848","89.34","89.34","89.34"
"2849","88.82","88.82","88.82"
"2850","89.35","89.35","89.35"
"2851","89.29","89.29","89.29"
"2852","88.96","88.96","88.96"
"2853","88.82","88.82","88.82"
"2854","88.68","88.68","88.68"
"2855","88.93","88.93","88.93"
"2856","89.1","89.1","89.1"
"2857","89.1","89.1","89.1"
"2858","88.39","88.39","88.39"
"2859","89.31","89.31","89.31"
"2860","89.55","89.55","89.55"
"2861","89.34","89.34","89.34"
"2862","88.78","88.78","88.78"
"2863","89.57","89.57","89.57"
"2864","89.22","89.22","89.22"
"2865","89.34","89.34","89.34"
"2866","89.15","89.15","89.15"
"2867","89.25","89.25","89.25"
"2868","89.01","89.01","89.01"
"2869","88.94","88.94","88.94"
"2870","89.35","89.35","89.35"
"2871","89.05","89.05","89.05"
"2872","89.68","89.68","89.68"
"2873","89.06","89.06","89.06"
"2874","89.12","89.12","89.12"
"2875","89.39","89.39","89.39"
"2876","89.46","89.46","89.46"
"2877","88.75","88.75","88.75"
"2878","89.33","89.33","89.33"
"2879","88.75","88.75","88.75"
"2880","89.19","89.19","89.19"
"2881","89.17","89.17","89.17"
"2882","89.13","89.13","89.13"
"2883","89.52","89.52","89.52"
"2884","88.8","88.8","88.8"
"2885","89.23","89.23","89.23"
"2886","89.16","89.16","89.16"
"2887","88.97","88.97","88.97"
"2888","89.15","89.15","89.15"
"2889","89.03","89.03","89.03"
"2890","89.65","89.65","89.65"
"2891","89.11","89.11","89.11"
"2892","89.09","89.09","89.09"
"2893","88.96","88.96","88.96"
"2894","89.22","89.22","89.22"
"2895","89.38","89.38","89.38"
"2896","89.16","89.16","89.16"
"2897","89.03","89.03","89.03"
"2898","89.47","89.47","89.47"
"2899","88.77","88.77","88.77"
"2900","89.25","89.25","89.25"
"2901","89.13","89.13","89.13"
"2902","88.43","88.43","88.43"
"2903","88.81","88.81","88.81"
"2904","89.2","89.2","89.2"
"2905","88.88","88.88","88.88"
"2906","89.35","89.35","89.35"
"2907","88.99","88.99","88.99"
"2908","89.36","89.36","89.36"
"2909","89.35","89.35","89.35"
"2910","89.38","89.38","89.38"
"2911","88.73","88.73","88.73"
"2912","89.12","89.12","89.12"
"2913","89.31","89.31","89.31"
"2914","88.81","88.81","88.81"
"2915","89.28","89.28","89.28"
"2916","89.17","89.17","89.17"
"2917","89.09","89.09","89.09"
"2918","89.42","89.42","89.42"
"2919","89.58","89.58","89.58"
"2920","89.13","89.13","89.13"
"2921","88.79","88.79","88.79"
"2922","89.31","89.31","89.31"
"2923","89.51","89.51","89.51"
"2924","88.93","88.93","88.93"
"2925","89.37","89.37","89.37"
"2926","89.44","89.44","89.44"
"2927","88.85","88.85","88.85"
"2928","89.62","89.62","89.62"
"2929","89.21","89.21","89.21"
"2930","89.45","89.45","89.45"
"2931","88.75","88.75","88.75"
"2932","89.4","89.4","89.4"
"2933","89.35","89.35","89.35"
"2934","89.68","89.68","89.68"
"2935","89.43","89.43","89.43"
"2936","88.99","88.99","88.99"
"2937","89.41","89.41","89.41"
"2938","89.42","89.42","89.42"
"2939","89.29","89.29","89.29"
"2940","89.36","89.36","89.36"
"2941","89.28","89.28","89.28"
"2942","89.44","89.44","89.44"
"2943","89.46","89.46","89.46"
"2944","89.44","89.44","89.44"
"2945","88.85","88.85","88.85"
"2946","89.71","89.71","89.71"
"2947","89.39","89.39","89.39"
"2948","89.17","89.17","89.17"
"2949","88.88","88.88","88.88"
"2950","88.95","88.95","88.95"
"2951","88.88","88.88","88.88"
"2952","89.07","89.07","89.07"
"2953","89.02","89.02","89.02"
"2954","89.77","89.77","89.77"
"2955","89.56","89.56","89.56"
"2956","88.86","88.86","88.86"
"2957","88.81","88.81","88.81"
"2958","88.86","88.86","88.86"
"2959","88.88","88.88","88.88"
"2960","89.21","89.21","89.21"
"2961","88.6","88.6","88.6"
"2962","89.59","89.59","89.59"
"2963","89.67","89.67","89.67"
"2964","88.77","88.77","88.77"
"2965","89.05","89.05","89.05"
"2966","89.21","89.21","89.21"
"2967","88.79","88.79","88.79"
"2968","89.79","89.79","89.79"
"2969","89.2","89.2","89.2"
"2970","88.68","88.68","88.68"
"2971","89.29","89.29","89.29"
"2972","88.94","88.94","88.94"
"2973","89.73","89.73","89.73"
"2974","89.05","89.05","89.05"
"2975","89.74","89.74","89.74"
"2976","89.4","89.4","89.4"
"2977","89.51","89.51","89.51"
"2978","89.21","89.21","89.21"
"2979","89.27","89.27","89.27"
"2980","89.34","89.34","89.34"
"2981","89.58","89.58","89.58"
"2982","89.42","89.42","89.42"
"2983","89.04","89.04","89.04"
"2984","88.89","88.89","88.89"
"2985","89.58","89.58","89.58"
"2986","89.44","89.44","89.44"
"2987","89","89","89"
"2988","89.23","89.23","89.23"
"2989","89.62","89.62","89.62"
"2990","89.12","89.12","89.12"
"2991","89.36","89.36","89.36"
"2992","89.32","89.32","89.32"
"2993","89.74","89.74","89.74"
"2994","90.3","90.3","90.3"
"2995","89.18","89.18","89.18"
"2996","89.27","89.27","89.27"
"2997","89.21","89.21","89.21"
"2998","89.95","89.95","89.95"
"2999","89.47","89.47","89.47"
"3000","89.4","89.4","89.4"
"3001","89.21","89.21","89.21"
"3002","89.28","89.28","89.28"
"3003","89.49","89.49","89.49"
"3004","89.12","89.12","89.12"
"3005","89.02","89.02","89.02"
"3006","89.17","89.17","89.17"
"3007","89.49","89.49","89.49"
"3008","89.44","89.44","89.44"
"3009","89.27","89.27","89.27"
"3010","89.26","89.26","89.26"
"3011","89.63","89.63","89.63"
"3012","89.37","89.37","89.37"
"3013","89.44","89.44","89.44"
"3014","89.43","89.43","89.43"
"3015","89.38","89.38","89.38"
"3016","89.21","89.21","89.21"
"3017","89.35","89.35","89.35"
"3018","89.84","89.84","89.84"
"3019","89.74","89.74","89.74"
"3020","88.93","88.93","88.93"
"3021","89.36","89.36","89.36"
"3022","89.52","89.52","89.52"
"3023","89.42","89.42","89.42"
"3024","89.44","89.44","89.44"
"3025","89.32","89.32","89.32"
"3026","89.48","89.48","89.48"
"3027","89.53","89.53","89.53"
"3028","89.49","89.49","89.49"
"3029","89.23","89.23","89.23"
"3030","89.35","89.35","89.35"
"3031","89.91","89.91","89.91"
"3032","89.32","89.32","89.32"
"3033","89.8","89.8","89.8"
"3034","89.56","89.56","89.56"
"3035","89.88","89.88","89.88"
"3036","89.08","89.08","89.08"
"3037","89.02","89.02","89.02"
"3038","89.36","89.36","89.36"
"3039","89.1","89.1","89.1"
"3040","89.41","89.41","89.41"
"3041","89.97","89.97","89.97"
"3042","89.4","89.4","89.4"
"3043","89.62","89.62","89.62"
"3044","89.18","89.18","89.18"
"3045","89.56","89.56","89.56"
"3046","89.85","89.85","89.85"
"3047","89.68","89.68","89.68"
"3048","89.67","89.67","89.67"
"3049","89.87","89.87","89.87"
"3050","88.85","88.85","88.85"
"3051","89.58","89.58","89.58"
"3052","89.4","89.4","89.4"
"3053","89.04","89.04","89.04"
"3054","90.08","90.08","90.08"
"3055","89.73","89.73","89.73"
"3056","89.59","89.59","89.59"
"3057","88.94","88.94","88.94"
"3058","89.79","89.79","89.79"
"3059","89.6","89.6","89.6"
"3060","88.89","88.89","88.89"
"3061","89.33","89.33","89.33"
"3062","89.45","89.45","89.45"
"3063","89","89","89"
"3091","89.76","89.76","89.76"
"3092","89.21","89.21","89.21"
"3093","89.31","89.31","89.31"
"3094","89.39","89.39","89.39"
"3095","89.43","89.43","89.43"
"3096","89.78","89.78","89.78"
"3097","89.62","89.62","89.62"
"3098","89.54","89.54","89.54"
"3099","89.15","89.15","89.15"
"3100","89.46","89.46","89.46"
"3101","89.72","89.72","89.72"
"3102","88.84","88.84","88.84"
"3103","89.85","89.85","89.85"
"3104","89.64","89.64","89.64"
"3105","89.72","89.72","89.72"
"3106","89.98","89.98","89.98"
"3107","89.21","89.21","89.21"
"3108","89.64","89.64","89.64"
"3109","89.89","89.89","89.89"
"3110","89.03","89.03","89.03"
"3111","89.47","89.47","89.47"
"3112","89.3","89.3","89.3"
"3113","89.53","89.53","89.53"
"3114","89.25","89.25","89.25"
"3115","90.01","90.01","90.01"
"3116","89.83","89.83","89.83"
"3117","90.04","90.04","90.04"
"3118","89.34","89.34","89.34"
"3119","89.11","89.11","89.11"
"3120","89.34","89.34","89.34"
"3121","89.72","89.72","89.72"
"3122","89.37","89.37","89.37"
"3123","89.62","89.62","89.62"
"3124","89.73","89.73","89.73"
"3125","90.07","90.07","90.07"
"3126","89.73","89.73","89.73"
"3127","89.59","89.59","89.59"
"3128","89.43","89.43","89.43"
"3129","89.91","89.91","89.91"
"3130","90","90","90"
"3131","90.02","90.02","90.02"
"3132","89.71","89.71","89.71"
"3133","89.5","89.5","89.5"
"3134","89.92","89.92","89.92"
"3135","89.98","89.98","89.98"
"3136","89.27","89.27","89.27"
"3137","89.83","89.83","89.83"
"3138","89.88","89.88","89.88"
"3139","89.37","89.37","89.37"
"3140","89.08","89.08","89.08"
"3141","89.66","89.66","89.66"
"3142","89.7","89.7","89.7"
"3143","89.91","89.91","89.91"
"3144","89.78","89.78","89.78"
"3145","89.64","89.64","89.64"
"3146","89.61","89.61","89.61"
"3147","90","90","90"
"3148","89.86","89.86","89.86"
"3149","90.13","90.13","90.13"
"3150","89.7","89.7","89.7"
"3151","89.88","89.88","89.88"
"3152","89.79","89.79","89.79"
"3153","90.14","90.14","90.14"
"3154","89.86","89.86","89.86"
"3155","90.23","90.23","90.23"
"3156","90.09","90.09","90.09"
"3157","89.79","89.79","89.79"
"3158","89.76","89.76","89.76"
"3159","89.89","89.89","89.89"
"3160","89.01","89.01","89.01"
"3161","90.27","90.27","90.27"
"3162","89.5","89.5","89.5"
"3163","90.12","90.12","90.12"
"3164","89.3","89.3","89.3"
"3165","89.72","89.72","89.72"
"3166","89.64","89.64","89.64"
"3167","89.65","89.65","89.65"
"3168","89.9","89.9","89.9"
"3169","89.78","89.78","89.78"
"3170","89.77","89.77","89.77"
"3171","90.22","90.22","90.22"
"3172","90.34","90.34","90.34"
"3173","89.62","89.62","89.62"
"3174","90.52","90.52","90.52"
"3175","89.72","89.72","89.72"
"3176","90.04","90.04","90.04"
"3177","90.44","90.44","90.44"
"3178","89.74","89.74","89.74"
"3179","89.66","89.66","89.66"
"3180","89.46","89.46","89.46"
"3181","90.38","90.38","90.38"
"3182","90.12","90.12","90.12"
"3183","89.56","89.56","89.56"
"3184","90.31","90.31","90.31"
"3185","89.97","89.97","89.97"
"3186","89.75","89.75","89.75"
"3187","90.13","90.13","90.13"
"3188","89.87","89.87","89.87"
"3189","89.48","89.48","89.48"
"3190","89.94","89.94","89.94"
"3191","89.72","89.72","89.72"
"3192","90.6","90.6","90.6"
"3193","90.11","90.11","90.11"
"3194","90.01","90.01","90.01"
"3195","89.77","89.77","89.77"
"3196","90.03","90.03","90.03"
"3197","90.16","90.16","90.16"
"3198","89.73","89.73","89.73"
"3199","90.61","90.61","90.61"
"3200","90.1","90.1","90.1"
"3201","90.38","90.38","90.38"
"3202","90.11","90.11","90.11"
"3203","89.97","89.97","89.97"
"3204","90.28","90.28","90.28"
"3205","90.18","90.18","90.18"
"3206","90.37","90.37","90.37"
"3207","90.33","90.33","90.33"
"3208","90.34","90.34","90.34"
"3209","90.12","90.12","90.12"
"3210","90.42","90.42","90.42"
"3211","90.28","90.28","90.28"
"3212","89.93","89.93","89.93"
"3213","89.88","89.88","89.88"
"3214","90.06","90.06","90.06"
"3215","90.28","90.28","90.28"
"3216","90.14","90.14","90.14"
"3217","90.44","90.44","90.44"
"3218","90.31","90.31","90.31"
"3219","89.83","89.83","89.83"
"3220","90.46","90.46","90.46"
"3221","90.5","90.5","90.5"
"3222","90.56","90.56","90.56"
"3223","89.9","89.9","89.9"
"3224","90.61","90.61","90.61"
"3225","89.94","89.94","89.94"
"3226","89.54","89.54","89.54"
"3227","89.87","89.87","89.87"
"3228","89.95","89.95","89.95"
"3229","89.45","89.45","89.45"
"3230","90.19","90.19","90.19"
"3231","90.02","90.02","90.02"
"3232","90.02","90.02","90.02"
"3233","90.11","90.11","90.11"
"3234","90.59","90.59","90.59"
"3235","90.25","90.25","90.25"
"3236","91.06","91.06","91.06"
"3237","89.87","89.87","89.87"
"3238","90.27","90.27","90.27"
"3239","90.34","90.34","90.34"
"3240","90.29","90.29","90.29"
"3241","90.29","90.29","90.29"
"3242","89.98","89.98","89.98"
"3243","89.98","89.98","89.98"
"3244","90.33","90.33","90.33"
"3245","90.79","90.79","90.79"
"3246","89.99","89.99","89.99"
"3247","90.38","90.38","90.38"
"3248","90.59","90.59","90.59"
"3249","90.18","90.18","90.18"
"3250","90.26","90.26","90.26"
"3251","90.33","90.33","90.33"
"3252","90.13","90.13","90.13"
"3253","90.69","90.69","90.69"
"3254","90.26","90.26","90.26"
"3255","91.01","91.01","91.01"
"3256","90.44","90.44","90.44"
"3257","90.4","90.4","90.4"
"3258","90.85","90.85","90.85"
"3259","90.71","90.71","90.71"
"3260","91.04","91.04","91.04"